uuid,adm4_pcode,date,freq,google_bldgs_count,google_bldgs_area_total,google_bldgs_area_mean,google_bldgs_count_lt100_sqm,google_bldgs_count_100_200_sqm,google_bldgs_count_gt_200_sqm,google_bldgs_density,google_bldgs_pct_built_up_area
GOBLG000000,PH015518016,2023-01-01,Y,469.0,18878.581,40.25283795309168,442.0,20.0,7.0,0.0004596083030374,1.85005385440606
GOBLG000001,PH015518031,2023-01-01,Y,2209.0,234899.6797,106.33756437301948,1535.0,449.0,225.0,0.0021184148238079,22.52670726954335
GOBLG000002,PH015518022,2023-01-01,Y,6530.0,479063.8388,73.36352814701378,5245.0,889.0,396.0,0.0020038790549358,14.701163745000004
GOBLG000003,PH015518024,2023-01-01,Y,501.0,81550.8829,162.77621337325348,304.0,101.0,96.0,0.0027656370608402,45.01799283283174
GOBLG000004,PH034919017,2023-01-01,Y,1170.0,87170.2755,74.50450897435898,929.0,202.0,39.0,0.0001846836060902,1.3759761387367468
GOBLG000005,PH034919010,2023-01-01,Y,992.0,70833.9034,71.4051445564516,755.0,195.0,42.0,0.0003662252830844,2.6150369278873025
GOBLG000006,PH050506053,2023-01-01,Y,928.0,43809.9605,47.20900915948276,845.0,73.0,10.0,0.0010981352806748,5.184187852373034
GOBLG000007,PH050506056,2023-01-01,Y,1739.0,87798.4171,50.48787642323175,1607.0,102.0,30.0,0.0002448850081115,1.236372402744006
GOBLG000008,PH050506072,2023-01-01,Y,159.0,18456.8256,116.0806641509434,110.0,29.0,20.0,0.0047299700233616,54.90580617258729
GOBLG000009,PH050506020,2023-01-01,Y,320.0,34556.0536,107.9876675,236.0,57.0,27.0,0.005136838278153,55.47151839824641
GOBLG00000A,PH050506051,2023-01-01,Y,3387.0,312834.578,92.36332388544434,2537.0,599.0,251.0,0.0023387816154692,21.60176438469097
GOBLG00000B,PH050506022,2023-01-01,Y,630.0,33400.843,53.01721111111111,560.0,47.0,23.0,0.0103485902857955,54.8653395884414
GOBLG00000C,PH050506042,2023-01-01,Y,1634.0,116350.0732,71.20567515299878,1313.0,264.0,57.0,0.0044419264761043,31.62903737109889
GOBLG00000D,PH050506012,2023-01-01,Y,2249.0,161512.2715,71.81514962205425,1816.0,348.0,85.0,0.004605701870031,33.07591689108517
GOBLG00000E,PH050506003,2023-01-01,Y,865.0,36729.6236,42.46199260115607,804.0,53.0,8.0,0.0006808392796998,2.8909792457192074
GOBLG00000F,PH050506038,2023-01-01,Y,521.0,35685.2522,68.49376621880998,413.0,95.0,13.0,0.0046148244345222,31.608670595901817
GOBLG000010,PH050506007,2023-01-01,Y,390.0,17746.9868,45.505094358974354,364.0,22.0,4.0,0.0022207309292132,10.1054570479743
GOBLG000011,PH050506043,2023-01-01,Y,592.0,44397.7238,74.99615506756757,468.0,91.0,33.0,0.0022509919263137,16.88157395616697
GOBLG000012,PH063022084,2023-01-01,Y,788.0,92264.6017,117.08705799492384,485.0,200.0,103.0,0.0041280479264618,48.33409869714689
GOBLG000013,PH063022081,2023-01-01,Y,139.0,32514.6281,233.9181877697842,68.0,30.0,41.0,0.0032007207546355,74.8706798481473
GOBLG000014,PH063022178,2023-01-01,Y,1227.0,158916.0642,129.51594474327626,841.0,231.0,155.0,0.0022525804555945,29.174508581657427
GOBLG000015,PH063022189,2023-01-01,Y,517.0,62359.4947,120.61797814313348,311.0,111.0,95.0,0.0043898237879939,52.949166971245695
GOBLG000016,PH063022064,2023-01-01,Y,2521.0,191890.3841,76.11677274890916,1806.0,614.0,101.0,0.0028323545505363,21.55896876675106
GOBLG000017,PH063022033,2023-01-01,Y,812.0,78063.4995,96.13731465517242,563.0,172.0,77.0,0.0014519849879199,13.958993765824976
GOBLG000018,PH063022080,2023-01-01,Y,340.0,18821.3267,55.35684323529412,306.0,20.0,14.0,0.0070160297155802,38.83852570995424
GOBLG000019,PH063022097,2023-01-01,Y,133.0,18363.7791,138.07352706766918,81.0,29.0,23.0,0.003428833715597,47.3431164841025
GOBLG00001A,PH063022154,2023-01-01,Y,213.0,31239.6571,146.66505680751175,86.0,67.0,60.0,0.0055972199332316,82.09165794715601
GOBLG00001B,PH063022041,2023-01-01,Y,2367.0,222331.9636,93.92985365441488,1642.0,424.0,301.0,0.0022500117002189,21.134326972228244
GOBLG00001C,PH063022186,2023-01-01,Y,287.0,14995.8034,52.25018606271777,256.0,27.0,4.0,0.0064332848943671,33.6140332725155
GOBLG00001D,PH063022161,2023-01-01,Y,445.0,31951.5938,71.80133438202247,342.0,85.0,18.0,0.008152000917109,58.53245437318979
GOBLG00001E,PH063022023,2023-01-01,Y,933.0,67748.4322,72.61353933547696,722.0,160.0,51.0,0.0024996233487099,18.150649835542502
GOBLG00001F,PH063022060,2023-01-01,Y,1384.0,111735.2837,80.7335864884393,1087.0,188.0,109.0,0.0017498684634059,14.127315693377447
GOBLG000020,PH063022159,2023-01-01,Y,455.0,38023.0707,83.56718835164834,322.0,109.0,24.0,0.0073782846836646,61.65825058718878
GOBLG000021,PH063022181,2023-01-01,Y,201.0,16734.2426,83.25493830845772,161.0,22.0,18.0,0.0033401784090941,27.808634738837632
GOBLG000022,PH063022011,2023-01-01,Y,2309.0,178212.6716,77.1817546990039,1792.0,344.0,173.0,0.0011803947603456,9.110493884098632
GOBLG000023,PH063022043,2023-01-01,Y,426.0,27466.44,64.47521126760563,352.0,61.0,13.0,0.008122826671905,52.37209657612184
GOBLG000024,PH063022177,2023-01-01,Y,2917.0,231925.2506,79.50814213232773,2537.0,257.0,123.0,0.0007980110598288,6.344837676804352
GOBLG000025,PH063022115,2023-01-01,Y,1469.0,87737.8579,59.7262477195371,1192.0,231.0,46.0,0.001181100814971,7.054271985671007
GOBLG000026,PH063022071,2023-01-01,Y,580.0,44079.662,75.9994172413793,463.0,87.0,30.0,0.0064585126291829,49.08431960639962
GOBLG000027,PH063022188,2023-01-01,Y,1163.0,95135.4886,81.8017958727429,923.0,163.0,77.0,0.0049862935110125,40.7887763949435
GOBLG000028,PH063022045,2023-01-01,Y,152.0,17586.1047,115.6980572368421,112.0,18.0,22.0,0.0055996309544078,64.78664226682778
GOBLG000029,PH063022168,2023-01-01,Y,3058.0,207861.3759,67.97298100065403,2549.0,392.0,117.0,0.0031140253583092,21.16695865159106
GOBLG00002A,PH063022069,2023-01-01,Y,240.0,33924.8883,141.35370125,135.0,57.0,48.0,0.0044787864164056,63.30930370671624
GOBLG00002B,PH063022169,2023-01-01,Y,569.0,67347.6986,118.36150896309316,389.0,94.0,86.0,0.0049586843956971,58.69173675464552
GOBLG00002C,PH072230023,2023-01-01,Y,5335.0,580882.6158,108.88146500468604,4388.0,586.0,361.0,0.0039747883889825,43.27807828760319
GOBLG00002D,PH072230001,2023-01-01,Y,3211.0,387595.1358,120.70854431641231,2479.0,443.0,289.0,0.0040205531072642,48.53151129246902
GOBLG00002E,PH072230014,2023-01-01,Y,4471.0,374346.748,83.72774502348469,3797.0,405.0,269.0,0.0036637432977208,30.67569646630724
GOBLG00002F,PH072230006,2023-01-01,Y,2225.0,200194.6763,89.97513541573034,1882.0,230.0,113.0,0.0052824574160978,47.52898213412288
GOBLG000030,PH072230011,2023-01-01,Y,3401.0,203597.0582,59.86388068215231,3017.0,300.0,84.0,0.0050229074966901,30.06907350593473
GOBLG000031,PH072230024,2023-01-01,Y,2383.0,153196.1498,64.28709601342845,2048.0,210.0,125.0,0.0019334291223349,12.42945436227038
GOBLG000032,PH083747022,2023-01-01,Y,245.0,22207.3774,90.64235673469388,146.0,92.0,7.0,2.6110329391361628e-05,0.2366701791152163
GOBLG000033,PH083747063,2023-01-01,Y,422.0,25810.1666,61.16153222748815,359.0,43.0,20.0,0.0049353679166549,30.185466388899968
GOBLG000034,PH083747123,2023-01-01,Y,40.0,1541.5722,38.539305,37.0,2.0,1.0,0.0007265155205131,2.799940323228903
GOBLG000035,PH083747129,2023-01-01,Y,2543.0,195555.0389,76.89934679512386,2020.0,378.0,145.0,0.0022904297232289,17.613254959644223
GOBLG000036,PH083747071,2023-01-01,Y,91.0,21427.607,235.4682087912088,37.0,22.0,32.0,0.0021331119899125,50.22800594157659
GOBLG000037,PH083747034,2023-01-01,Y,26.0,11209.6141,431.13900384615386,17.0,3.0,6.0,0.0014877614609451,64.14319942326037
GOBLG000038,PH083747128,2023-01-01,Y,1377.0,105493.4804,76.61109687726943,1138.0,175.0,64.0,0.0014184621570627,10.866994173147573
GOBLG000039,PH083747048,2023-01-01,Y,54.0,6727.9283,124.5912648148148,32.0,11.0,11.0,0.0037884027375447,47.20018886986126
GOBLG00003A,PH083747044,2023-01-01,Y,44.0,8539.353,194.0762045454545,13.0,16.0,15.0,0.0035656426494212,69.20063921650659
GOBLG00003B,PH083747133,2023-01-01,Y,3285.0,173618.0857,52.85177646879756,2922.0,248.0,115.0,0.0016225844332123,8.57564697658886
GOBLG00003C,PH083747067,2023-01-01,Y,102.0,7811.6462,76.58476666666667,77.0,20.0,5.0,0.0064272755428691,49.223139775300986
GOBLG00003D,PH083747076,2023-01-01,Y,176.0,55045.9255,312.7609403409091,68.0,37.0,71.0,0.0012518761847353,39.15379727282111
GOBLG00003E,PH083747112,2023-01-01,Y,291.0,33418.9795,114.84185395189004,245.0,24.0,22.0,0.0031728776201336,36.43791482586137
GOBLG00003F,PH083747059,2023-01-01,Y,179.0,10904.3805,60.91832681564245,154.0,19.0,6.0,0.013614071745966,82.9346471912365
GOBLG000040,PH083747077,2023-01-01,Y,126.0,28046.5487,222.59165634920635,80.0,14.0,32.0,0.0020024778685815,44.57348655701872
GOBLG000041,PH083747087,2023-01-01,Y,175.0,11137.8152,63.64465828571429,148.0,22.0,5.0,0.0059425400883671,37.82109332732864
GOBLG000042,PH083747124,2023-01-01,Y,3955.0,349831.3887,88.45294278128951,3138.0,558.0,259.0,0.0012034754149461,10.645094201692109
GOBLG000043,PH083747012,2023-01-01,Y,447.0,45155.7061,101.01947673378076,336.0,61.0,50.0,0.0038658584213747,39.05269948541593
GOBLG000044,PH083747120,2023-01-01,Y,1666.0,116139.1157,69.71135396158463,1323.0,254.0,89.0,0.0019698211881819,13.73189020903789
GOBLG000045,PH083747113,2023-01-01,Y,363.0,40251.5324,110.8857641873278,258.0,64.0,41.0,0.0024223864917972,26.860817729999585
GOBLG000046,PH083747151,2023-01-01,Y,1600.0,77467.5371,48.4172106875,1471.0,104.0,25.0,0.0075281249893166,36.44908136895764
GOBLG000047,PH083747062,2023-01-01,Y,101.0,10577.216,104.72491089108912,63.0,24.0,14.0,0.0042059353504923,44.04662047939906
GOBLG000048,PH097332062,2023-01-01,Y,517.0,73348.7315,141.87375531914893,295.0,109.0,113.0,0.0033973046486839,48.19883684719908
GOBLG000049,PH097332028,2023-01-01,Y,616.0,28001.1978,45.45648993506494,575.0,34.0,7.0,6.752770950190702e-05,0.3069572647311425
GOBLG00004A,PH097332067,2023-01-01,Y,5334.0,383736.9248,71.94168068991375,4749.0,444.0,141.0,0.0030781923725762,22.145033277000525
GOBLG00004B,PH097332095,2023-01-01,Y,215.0,11109.2128,51.67075720930232,198.0,14.0,3.0,0.0002234959188804,1.154820336174217
GOBLG00004C,PH097332060,2023-01-01,Y,1562.0,100920.2807,64.60965473751601,1357.0,170.0,35.0,9.743973203122305e-05,0.62955474442534
GOBLG00004D,PH097332034,2023-01-01,Y,812.0,49302.3944,60.71723448275862,735.0,60.0,17.0,5.9120234334029045e-05,0.3589617130734878
GOBLG00004E,PH097332902,2023-01-01,Y,417.0,14792.4076,35.473399520383694,412.0,4.0,1.0,6.989488242360246e-06,0.0247940908864269
GOBLG00004F,PH097332027,2023-01-01,Y,784.0,38369.3402,48.94048494897959,730.0,49.0,5.0,2.2146960198593184e-05,0.1083882972264899
GOBLG000050,PH097332056,2023-01-01,Y,208.0,7544.8339,36.27323990384616,197.0,10.0,1.0,0.0011034841943444,4.002694691155875
GOBLG000051,PH097332044,2023-01-01,Y,1956.0,115588.8434,59.09450071574642,1742.0,157.0,57.0,0.0003992003545051,2.3590545635030464
GOBLG000052,PH097332020,2023-01-01,Y,2012.0,167610.7014,83.3055175944334,1614.0,297.0,101.0,0.0065994349778722,54.976934666245846
GOBLG000053,PH097332093,2023-01-01,Y,3387.0,169473.1011,50.03634517271922,3167.0,180.0,40.0,0.0009121478555558,4.564054494914752
GOBLG000054,PH104305004,2023-01-01,Y,2609.0,139482.4863,53.46204917592947,2397.0,143.0,69.0,0.0001629632020139,0.8712346719934091
GOBLG000055,PH104305001,2023-01-01,Y,5753.0,412136.8907,71.6386043281766,4860.0,706.0,187.0,0.0009125252697674,6.537203674033157
GOBLG000056,PH104305002,2023-01-01,Y,1414.0,78306.3928,55.37934427157001,1244.0,138.0,32.0,0.0002527736443754,1.3998438674647526
GOBLG000057,PH104305081,2023-01-01,Y,81.0,15176.0768,187.35897283950612,41.0,18.0,22.0,0.0026733762018342,50.08810191892504
GOBLG000058,PH104305005,2023-01-01,Y,14329.0,1177973.919,82.20908081513015,10109.0,3529.0,691.0,0.0019856153385968,16.32356118384744
GOBLG000059,PH104305043,2023-01-01,Y,11696.0,933636.5504,79.82528645690834,9111.0,1854.0,731.0,0.0012396859289807,9.89582843974857
GOBLG00005A,PH104305073,2023-01-01,Y,209.0,30844.413,147.5809234449761,99.0,72.0,38.0,0.0024046253420472,35.487682851852455
GOBLG00005B,PH104305032,2023-01-01,Y,335.0,60156.8229,179.57260567164178,188.0,75.0,72.0,0.0021230616621114,38.12437146669126
GOBLG00005C,PH104305078,2023-01-01,Y,403.0,118250.7492,293.426176674938,229.0,69.0,105.0,0.0014826758765897,43.505591371590285
GOBLG00005D,PH104305034,2023-01-01,Y,87.0,17029.7051,195.7437367816092,26.0,29.0,32.0,0.0030035074714608,58.79177759152261
GOBLG00005E,PH104305055,2023-01-01,Y,3394.0,233735.3239,68.86721387743076,2824.0,495.0,75.0,0.0083595752548207,57.57006569982151
GOBLG00005F,PH112402032,2023-01-01,Y,2812.0,147499.0334,52.45342581792318,2586.0,177.0,49.0,0.0001201400309296,0.6301756200128895
GOBLG000060,PH112402160,2023-01-01,Y,622.0,164499.6572,264.46890225080386,313.0,118.0,191.0,0.0019784028393153,52.3226027123604
GOBLG000061,PH112402068,2023-01-01,Y,2102.0,122402.5411,58.23146579448144,1847.0,204.0,51.0,0.0002708182531464,1.5770143844620512
GOBLG000062,PH112402041,2023-01-01,Y,2118.0,96813.0234,45.70964277620397,1979.0,121.0,18.0,0.0002025988539462,0.9260721240749774
GOBLG000063,PH112402067,2023-01-01,Y,2265.0,131821.4544,58.19931761589403,2092.0,106.0,67.0,2.190316286851208e-05,0.127474913257719
GOBLG000064,PH112402165,2023-01-01,Y,584.0,70400.97,120.54960616438356,407.0,125.0,52.0,0.0037827071132305,45.60038527351582
GOBLG000065,PH112402033,2023-01-01,Y,1446.0,104182.9302,72.04905269709543,1268.0,133.0,45.0,0.0001683041239777,1.2126152697614356
GOBLG000066,PH112402110,2023-01-01,Y,7122.0,421658.0274,59.20500244313396,6327.0,695.0,100.0,0.0008826403456937,5.225672382320577
GOBLG000067,PH112402038,2023-01-01,Y,453.0,20014.1568,44.18136158940398,419.0,28.0,6.0,1.3652783198817463e-05,0.0603198551208693
GOBLG000068,PH112402135,2023-01-01,Y,674.0,92897.5612,137.83020949554896,442.0,102.0,130.0,0.0031647372540583,43.61963987252333
GOBLG000069,PH112402148,2023-01-01,Y,880.0,162466.5471,184.62107625,522.0,153.0,205.0,0.002865242484373,52.89841511821747
GOBLG00006A,PH112402108,2023-01-01,Y,1260.0,50676.4658,40.2194173015873,1203.0,42.0,15.0,4.512112303654073e-05,0.1814745276522895
GOBLG00006B,PH112402028,2023-01-01,Y,821.0,43882.3752,53.44990889159562,733.0,70.0,18.0,0.0002274567123772,1.2157540553348285
GOBLG00006C,PH112402092,2023-01-01,Y,1604.0,70142.1794,43.72953827930174,1499.0,88.0,17.0,7.058226085000896e-05,0.3086529677680127
GOBLG00006D,PH112402162,2023-01-01,Y,336.0,55771.9872,165.98805714285714,164.0,95.0,77.0,0.0032909945828755,54.62657968791754
GOBLG00006E,PH112402186,2023-01-01,Y,3093.0,319596.0962,103.32883808600066,2441.0,487.0,165.0,0.0047908999687173,49.50381271538201
GOBLG00006F,PH112402115,2023-01-01,Y,2524.0,194642.6415,77.11673593502377,2257.0,197.0,70.0,0.0001900697099979,1.4657555635158637
GOBLG000070,PH112402193,2023-01-01,Y,6565.0,541471.7935,82.47856717440975,4891.0,1462.0,212.0,0.004332765826668,35.73603172858307
GOBLG000071,PH112402030,2023-01-01,Y,19877.0,1499932.9228,75.46072962720733,15550.0,3654.0,673.0,0.0012325919652821,9.30122890328219
GOBLG000072,PH112402178,2023-01-01,Y,106.0,3526.334,33.26730188679245,99.0,7.0,0.0,5.418478935010595e-06,0.0180258174498223
GOBLG000073,PH112402196,2023-01-01,Y,2427.0,309696.4606,127.6046397198187,1584.0,519.0,324.0,0.0035800551575032,45.68316485502862
GOBLG000074,PH112402049,2023-01-01,Y,8580.0,880268.7517,102.59542560606062,7276.0,964.0,340.0,0.0017345418261024,17.795605688049797
GOBLG000075,PH112402073,2023-01-01,Y,10773.0,510391.4587,47.37691067483524,9878.0,717.0,178.0,6.196039063266556e-05,0.2935491892381694
GOBLG000076,PH112402100,2023-01-01,Y,3659.0,275569.1245,75.31268775621754,3281.0,293.0,85.0,0.0004508363921986,3.395370043479918
GOBLG000077,PH112402081,2023-01-01,Y,4485.0,285336.8413,63.62025447045707,4043.0,344.0,98.0,0.0004786772411756,3.0453567892812954
GOBLG000078,PH112402040,2023-01-01,Y,6756.0,510571.631,75.57306557134399,5302.0,1200.0,254.0,0.0035425780154327,26.77234806519041
GOBLG000079,PH112402198,2023-01-01,Y,5299.0,660728.6453,124.6893084166824,2892.0,1709.0,698.0,0.0023913792766163,29.817942816327296
GOBLG00007A,PH112402179,2023-01-01,Y,3312.0,294583.6796,88.944347705314,2652.0,528.0,132.0,0.0063574919160646,56.546297151617686
GOBLG00007B,PH112402043,2023-01-01,Y,7633.0,730346.5546,95.68276622559938,5447.0,1745.0,441.0,0.0013811394078445,13.215123908575432
GOBLG00007C,PH112402001,2023-01-01,Y,2820.0,184230.4816,65.3299580141844,2517.0,249.0,54.0,0.0002391598891527,1.56243055170247
GOBLG00007D,PH112402137,2023-01-01,Y,545.0,79356.5672,145.60838018348625,345.0,98.0,102.0,0.0023474425741148,34.18073107906123
GOBLG00007E,PH112402140,2023-01-01,Y,1038.0,98913.3106,95.29220674373796,755.0,196.0,87.0,0.0051493058212918,49.06887149092754
GOBLG00007F,PH137401027,2023-01-01,Y,1972.0,578741.4841,293.4794544117647,842.0,304.0,826.0,0.0006861853805647,20.138131111346308
GOBLG000080,PH137401009,2023-01-01,Y,624.0,79651.7963,127.6471094551282,416.0,96.0,112.0,0.003605766394617,46.026565764330975
GOBLG000081,PH137401023,2023-01-01,Y,675.0,106006.4971,157.04666237037037,496.0,68.0,111.0,0.003262858842193,51.24210909520689
GOBLG000082,PH137401004,2023-01-01,Y,1167.0,81944.4584,70.21804490145674,960.0,175.0,32.0,0.0072991225976728,51.25301183046287
GOBLG000083,PH137401005,2023-01-01,Y,1057.0,187198.9118,177.10398467360454,660.0,210.0,187.0,0.002192388847949,38.82808009257525
GOBLG000084,PH137401021,2023-01-01,Y,679.0,68401.383,100.73841384388808,485.0,130.0,64.0,0.0055462995808973,55.872542248261794
GOBLG000085,PH137503001,2023-01-01,Y,1755.0,103269.6883,58.84312723646723,1538.0,156.0,61.0,0.0078978828937096,46.473612801327306
GOBLG000086,PH137503002,2023-01-01,Y,412.0,21369.1557,51.86688276699029,374.0,29.0,9.0,0.0060938826678353,31.607069792841013
GOBLG000087,PH137503011,2023-01-01,Y,914.0,233712.8033,255.70328588621445,448.0,139.0,327.0,0.0021330684000649,54.54325989166653
GOBLG000088,PH137503012,2023-01-01,Y,3461.0,169122.5201,48.86521817393817,3162.0,228.0,71.0,0.0115281218094907,56.33241873564986
GOBLG000089,PH137603001,2023-01-01,Y,9923.0,1068440.4256,107.67312562733044,7778.0,1294.0,851.0,0.0025169312921307,27.10058592129536
GOBLG00008A,PH137603006,2023-01-01,Y,21269.0,1688097.1092,79.36889882928206,15485.0,4596.0,1188.0,0.004961240095076,39.37681631738656
GOBLG00008B,PH015518025,2023-01-01,Y,1836.0,177209.4285,96.51929656862744,1308.0,347.0,181.0,0.0042703545518751,41.217161744563015
GOBLG00008C,PH015518004,2023-01-01,Y,435.0,58686.5991,134.9117220689655,289.0,92.0,54.0,0.0042111538336012,56.81340155884639
GOBLG00008D,PH015518023,2023-01-01,Y,1882.0,125223.5886,66.53750722635495,1578.0,199.0,105.0,0.0031343106326682,20.854921637080544
GOBLG00008E,PH050506045,2023-01-01,Y,2672.0,142244.5492,53.23523547904192,2406.0,212.0,54.0,0.0013105341465807,6.976659389655242
GOBLG00008F,PH050506001,2023-01-01,Y,1600.0,120760.8198,75.475512375,1350.0,183.0,67.0,0.0014829537614336,11.19266949726414
GOBLG000090,PH050506065,2023-01-01,Y,841.0,37261.3035,44.30594946492271,793.0,45.0,3.0,0.0001312156200064,0.5813632629014337
GOBLG000091,PH050506035,2023-01-01,Y,2642.0,224605.6735,85.01350246025738,2039.0,463.0,140.0,0.0043588083918143,37.055756794129735
GOBLG000092,PH050506048,2023-01-01,Y,503.0,21832.9869,43.40554055666004,482.0,16.0,5.0,3.7892844732155e-05,0.1644759408828775
GOBLG000093,PH050506004,2023-01-01,Y,3188.0,159028.4071,49.88344011919699,2951.0,194.0,43.0,0.0002126691945462,1.060867103134611
GOBLG000094,PH050506002,2023-01-01,Y,691.0,31448.2096,45.51115716353111,654.0,29.0,8.0,0.000182592249768,0.830998457603524
GOBLG000095,PH050506049,2023-01-01,Y,1676.0,74111.1922,44.219088424821,1570.0,94.0,12.0,0.0004214940020172,1.863808054573028
GOBLG000096,PH050506062,2023-01-01,Y,2037.0,106075.7333,52.07448861070202,1834.0,172.0,31.0,0.0007497293873564,3.904177444300222
GOBLG000097,PH050506071,2023-01-01,Y,736.0,31032.6991,42.16399334239131,699.0,34.0,3.0,0.0003531071126092,1.4888405945205925
GOBLG000098,PH050506017,2023-01-01,Y,1345.0,108185.4265,80.43526133828996,1055.0,187.0,103.0,0.0027435841999918,22.06809121299483
GOBLG000099,PH050506061,2023-01-01,Y,758.0,34265.0406,45.20453905013193,701.0,48.0,9.0,6.642104723247945e-05,0.3002532823371274
GOBLG00009A,PH050506011,2023-01-01,Y,820.0,71517.7464,87.21676390243903,630.0,132.0,58.0,0.0031441115345891,27.42192333951928
GOBLG00009B,PH063022124,2023-01-01,Y,1058.0,107867.8356,101.95447599243856,651.0,311.0,96.0,0.0045330335482465,46.21630600676209
GOBLG00009C,PH063022091,2023-01-01,Y,184.0,26221.7757,142.50965054347824,97.0,52.0,35.0,0.0040098002746493,57.14352358894183
GOBLG00009D,PH063022139,2023-01-01,Y,435.0,54919.0575,126.25070689655172,287.0,91.0,57.0,0.0065376622726585,82.53844833740614
GOBLG00009E,PH063022117,2023-01-01,Y,1377.0,132190.2215,95.99870842411038,918.0,317.0,142.0,0.0019676144961245,18.888845030451083
GOBLG00009F,PH063022121,2023-01-01,Y,1856.0,139779.0988,75.31201443965517,1389.0,408.0,59.0,0.0059068564358676,44.48572571910354
GOBLG0000A0,PH063022062,2023-01-01,Y,58.0,9643.1179,166.26065344827586,30.0,10.0,18.0,0.0024600684270767,40.9012584213252
GOBLG0000A1,PH063022170,2023-01-01,Y,511.0,30982.4872,60.631090410958905,440.0,59.0,12.0,0.0084999618455528,51.53619551474149
GOBLG0000A2,PH063022093,2023-01-01,Y,285.0,26934.7049,94.50773649122809,182.0,73.0,30.0,0.0059257547024406,56.00296639299201
GOBLG0000A3,PH063022157,2023-01-01,Y,501.0,74235.3124,148.174276247505,268.0,146.0,87.0,0.003408124477068,50.49963777509694
GOBLG0000A4,PH063022073,2023-01-01,Y,502.0,51085.9827,101.76490577689243,380.0,82.0,40.0,0.0038688984062805,39.37180817755047
GOBLG0000A5,PH063022106,2023-01-01,Y,1346.0,118404.2841,87.96752161961368,928.0,294.0,124.0,0.004506919247454,39.64625163382669
GOBLG0000A6,PH063022171,2023-01-01,Y,2980.0,130912.1472,43.93025073825503,2841.0,109.0,30.0,0.0013199699055019,5.79866089156509
GOBLG0000A7,PH063022094,2023-01-01,Y,1331.0,216031.0789,162.30734703230652,958.0,241.0,132.0,0.000947652840508,15.38110184504974
GOBLG0000A8,PH063022021,2023-01-01,Y,1740.0,130623.5597,75.07101132183908,1418.0,266.0,56.0,0.0049110247039475,36.86755911518808
GOBLG0000A9,PH063022005,2023-01-01,Y,724.0,41826.9695,57.77205732044199,642.0,73.0,9.0,0.0099199896273362,57.309820936865854
GOBLG0000AA,PH063022156,2023-01-01,Y,3041.0,136065.2592,44.74359066096679,2835.0,189.0,17.0,0.0095406920242802,42.688481855674695
GOBLG0000AB,PH063022201,2023-01-01,Y,1825.0,189253.9557,103.7007976438356,1225.0,304.0,296.0,0.0019386616378476,20.10407582063072
GOBLG0000AC,PH063022022,2023-01-01,Y,509.0,31231.6416,61.35882436149312,447.0,50.0,12.0,0.0118790942969671,72.88872605412202
GOBLG0000AD,PH063022025,2023-01-01,Y,704.0,115824.2327,164.5230578125,468.0,130.0,106.0,0.0021280282768316,35.01097192158051
GOBLG0000AE,PH063022001,2023-01-01,Y,1364.0,90768.1609,66.54557250733139,1080.0,237.0,47.0,0.0024182288495825,16.09224232492184
GOBLG0000AF,PH063022126,2023-01-01,Y,384.0,18652.1227,48.57323619791666,358.0,25.0,1.0,0.0137003323172516,66.54694776358173
GOBLG0000B0,PH063022137,2023-01-01,Y,402.0,25337.2869,63.02807686567164,340.0,49.0,13.0,0.0114272389126412,72.02368925483444
GOBLG0000B1,PH072230025,2023-01-01,Y,2426.0,403589.1636,166.3599190436933,1956.0,192.0,278.0,0.0023080246220906,38.39627892818533
GOBLG0000B2,PH072230013,2023-01-01,Y,2344.0,283043.5035,120.7523479095563,1697.0,391.0,256.0,0.004161236187171,50.24790398071104
GOBLG0000B3,PH083747054,2023-01-01,Y,66.0,9118.7484,138.16285454545456,34.0,20.0,12.0,0.0044746786119287,61.82343701975651
GOBLG0000B4,PH083747109,2023-01-01,Y,1141.0,99867.2835,87.52610297984225,878.0,170.0,93.0,0.0024358770802221,21.32028281697639
GOBLG0000B5,PH083747065,2023-01-01,Y,50.0,10347.1935,206.94387,19.0,12.0,19.0,0.0037267466345666,77.12273710667048
GOBLG0000B6,PH083747137,2023-01-01,Y,124.0,13025.7656,105.04649677419356,83.0,23.0,18.0,0.0051431832394547,54.0273381572465
GOBLG0000B7,PH083747114,2023-01-01,Y,747.0,78844.1756,105.54775850066936,585.0,99.0,63.0,0.0013403703844778,14.147308964231916
GOBLG0000B8,PH083747149,2023-01-01,Y,1094.0,73349.3221,67.04691234003657,881.0,163.0,50.0,0.0058218068454457,39.03341732272255
GOBLG0000B9,PH083747132,2023-01-01,Y,924.0,50811.0129,54.99027370129871,810.0,93.0,21.0,0.0001138067811957,0.6258266047020581
GOBLG0000BA,PH083747096,2023-01-01,Y,274.0,7543.0216,27.52927591240876,270.0,4.0,0.0,0.0040892638106096,11.25744717209008
GOBLG0000BB,PH083747099,2023-01-01,Y,440.0,27161.5973,61.730902954545456,392.0,30.0,18.0,0.0036646726463462,22.622355149178
GOBLG0000BC,PH083747140,2023-01-01,Y,213.0,12801.8883,60.10276197183099,178.0,33.0,2.0,0.0089035639004477,53.51287818096011
GOBLG0000BD,PH083747050,2023-01-01,Y,83.0,9011.5873,108.5733409638554,52.0,21.0,10.0,0.0052588807411343,57.09742517954378
GOBLG0000BE,PH083747057,2023-01-01,Y,46.0,4519.2878,98.24538695652174,32.0,12.0,2.0,0.0054047293930031,53.098973061087854
GOBLG0000BF,PH083747118,2023-01-01,Y,401.0,29455.6827,73.45556783042394,307.0,74.0,20.0,0.0057484427962944,42.225512974251615
GOBLG0000C0,PH083747021,2023-01-01,Y,1437.0,57065.4018,39.71148350730689,1390.0,40.0,7.0,0.0005998091641798,2.3819311730857926
GOBLG0000C1,PH083747117,2023-01-01,Y,2610.0,150759.6352,57.76231233716474,2208.0,339.0,63.0,0.0023647347072765,13.659254475624351
GOBLG0000C2,PH083747011,2023-01-01,Y,108.0,12632.7914,116.97029074074074,67.0,28.0,13.0,0.0038313548789357,44.8154694120066
GOBLG0000C3,PH083747110,2023-01-01,Y,562.0,59921.6473,106.62214822064055,405.0,98.0,59.0,0.0023224391628395,24.76234526536949
GOBLG0000C4,PH083747032,2023-01-01,Y,721.0,29986.5063,41.5901613037448,684.0,29.0,8.0,0.000849096807443,3.5314073184049533
GOBLG0000C5,PH083747039,2023-01-01,Y,46.0,5709.9591,124.12954565217392,23.0,17.0,6.0,0.0061247015776401,76.0256424087623
GOBLG0000C6,PH083747075,2023-01-01,Y,73.0,6861.7182,93.9961397260274,49.0,20.0,4.0,0.0063611821279405,59.79265641206074
GOBLG0000C7,PH083747081,2023-01-01,Y,264.0,19926.1137,75.47770340909092,223.0,26.0,15.0,0.0059541369816734,44.94045851598486
GOBLG0000C8,PH097332047,2023-01-01,Y,2815.0,162435.1251,57.70341921847247,2389.0,389.0,37.0,0.0006915813745264,3.990660997798581
GOBLG0000C9,PH097332051,2023-01-01,Y,4189.0,263144.5706,62.8179925041776,3539.0,539.0,111.0,0.0004715210676687,2.9620006894374344
GOBLG0000CA,PH097332061,2023-01-01,Y,520.0,71993.2561,138.44856942307692,319.0,105.0,96.0,0.0028722075124087,39.76530211792077
GOBLG0000CB,PH097332090,2023-01-01,Y,1590.0,58074.016,36.52453836477988,1544.0,38.0,8.0,0.0008884230075291,3.244924022265284
GOBLG0000CC,PH097332901,2023-01-01,Y,116.0,4910.2914,42.33009827586207,109.0,7.0,0.0,8.201995246862186e-07,0.0034719126485782
GOBLG0000CD,PH097332080,2023-01-01,Y,6375.0,370915.1763,58.182772752941176,5514.0,755.0,106.0,0.0007302630641566,4.248872991169068
GOBLG0000CE,PH097332038,2023-01-01,Y,888.0,56897.389,64.07363626126127,780.0,68.0,40.0,7.899015547595405e-05,0.5061186490186755
GOBLG0000CF,PH097332100,2023-01-01,Y,2382.0,105027.2673,44.09205176322418,2252.0,107.0,23.0,3.594624328064941e-05,0.1584943619423843
GOBLG0000D0,PH097332092,2023-01-01,Y,8827.0,541872.0994,61.3880253087119,7452.0,1110.0,265.0,0.0028235097201527,17.33296861601313
GOBLG0000D1,PH097332097,2023-01-01,Y,3848.0,214320.2391,55.696527832640335,3417.0,345.0,86.0,3.403715999668734e-05,0.1895751629099528
GOBLG0000D2,PH097332096,2023-01-01,Y,417.0,21547.3926,51.67240431654676,389.0,24.0,4.0,3.26338461350411e-05,0.168626929189382
GOBLG0000D3,PH097332023,2023-01-01,Y,5021.0,323678.137,64.46487492531368,4174.0,729.0,118.0,0.000760750765048,4.904170291815965
GOBLG0000D4,PH097332010,2023-01-01,Y,5322.0,330108.0402,62.02706505073281,4680.0,517.0,125.0,0.0006599648438942,4.093568230342839
GOBLG0000D5,PH097332070,2023-01-01,Y,2049.0,187769.3698,91.6395167398731,1493.0,355.0,201.0,0.0045830265036733,41.99863340026519
GOBLG0000D6,PH104305051,2023-01-01,Y,10185.0,824798.2732,80.98166648993619,7864.0,1948.0,373.0,0.0021717193349388,17.58694508917637
GOBLG0000D7,PH104305075,2023-01-01,Y,67.0,11307.3301,168.7661208955224,30.0,21.0,16.0,0.0029771559457172,50.24430602597485
GOBLG0000D8,PH104305061,2023-01-01,Y,6796.0,530065.6662,77.9967136845203,5092.0,1315.0,389.0,0.0023192293479697,18.08922674223352
GOBLG0000D9,PH104305022,2023-01-01,Y,340.0,50683.2077,149.06825794117646,210.0,53.0,77.0,0.0025384633072445,37.84043030585353
GOBLG0000DA,PH104305060,2023-01-01,Y,5861.0,366673.5523,62.561602508104414,5011.0,717.0,133.0,0.0006934903151152,4.338586543746024
GOBLG0000DB,PH104305076,2023-01-01,Y,398.0,92391.5398,232.1395472361809,243.0,81.0,74.0,0.0028892775392972,67.07155798121221
GOBLG0000DC,PH104305040,2023-01-01,Y,2770.0,170546.6693,61.5691946931408,2354.0,340.0,76.0,0.0034405023734018,21.182896047019163
GOBLG0000DD,PH104305020,2023-01-01,Y,304.0,81292.4485,267.40937006578946,172.0,56.0,76.0,0.0017680061024139,47.27813981189831
GOBLG0000DE,PH104305029,2023-01-01,Y,45.0,19827.7434,440.61652,8.0,6.0,31.0,0.0011963548229141,52.713369875762986
GOBLG0000DF,PH104305059,2023-01-01,Y,1227.0,56556.8804,46.09362705786472,1146.0,65.0,16.0,8.072085825385595e-05,0.3720717136143996
GOBLG0000E0,PH104305035,2023-01-01,Y,102.0,14496.6523,142.12404215686274,47.0,29.0,26.0,0.0032820131770116,46.645297912898286
GOBLG0000E1,PH104305047,2023-01-01,Y,3099.0,152265.2011,49.13365637302356,2877.0,173.0,49.0,7.274984194083417e-05,0.3574465735112723
GOBLG0000E2,PH104305054,2023-01-01,Y,15561.0,982448.0126,63.13527489235911,13536.0,1549.0,476.0,0.0004025466125862,2.5414891042619305
GOBLG0000E3,PH104305023,2023-01-01,Y,228.0,41081.1177,180.1803407894737,134.0,35.0,59.0,0.0029529134829609,53.205695768173264
GOBLG0000E4,PH104305017,2023-01-01,Y,144.0,19700.9144,136.81190555555557,92.0,35.0,17.0,0.0033908936736432,46.39146250274174
GOBLG0000E5,PH104305070,2023-01-01,Y,2062.0,133513.2192,64.74937885548012,1864.0,112.0,86.0,3.3068798132586506e-05,0.2141184138582236
GOBLG0000E6,PH112402097,2023-01-01,Y,3321.0,215555.0642,64.90667395362843,2837.0,374.0,110.0,0.0006228799129191,4.042906342010788
GOBLG0000E7,PH112402053,2023-01-01,Y,1821.0,93140.0138,51.14772861065349,1666.0,128.0,27.0,9.265397696689249e-05,0.4739040468600355
GOBLG0000E8,PH112402024,2023-01-01,Y,1001.0,73319.2064,73.24596043956043,824.0,140.0,37.0,0.0001331888142529,0.9755542619759898
GOBLG0000E9,PH112402120,2023-01-01,Y,2811.0,198907.5645,70.76042849519744,2417.0,288.0,106.0,0.0002402783234201,1.70021971233185
GOBLG0000EA,PH112402055,2023-01-01,Y,2433.0,162082.7128,66.61845984381422,2051.0,318.0,64.0,0.000258144094899,1.719716201995244
GOBLG0000EB,PH112402129,2023-01-01,Y,5039.0,344831.4509,68.43251655090296,4386.0,506.0,147.0,0.0004994472908971,3.4178435000621974
GOBLG0000EC,PH112402090,2023-01-01,Y,1011.0,67476.426,66.74226112759645,881.0,100.0,30.0,0.0001168647452788,0.7799817346008369
GOBLG0000ED,PH112402190,2023-01-01,Y,1683.0,285905.0684,169.87823434343434,1108.0,430.0,145.0,0.0032952375408351,55.97891351792805
GOBLG0000EE,PH112402072,2023-01-01,Y,3318.0,213776.607,64.42935714285714,2857.0,368.0,93.0,0.0005092860351566,3.281297184697695
GOBLG0000EF,PH112402047,2023-01-01,Y,1459.0,114619.8791,78.56057511994517,1342.0,84.0,33.0,0.0001900167207396,1.4927822863712832
GOBLG0000F0,PH112402133,2023-01-01,Y,1416.0,78600.713,55.50897810734463,1255.0,141.0,20.0,0.0001564538416349,0.8684592870123109
GOBLG0000F1,PH112402039,2023-01-01,Y,342.0,17066.0172,49.900635087719294,317.0,19.0,6.0,9.43585800534514e-05,0.4708553070642627
GOBLG0000F2,PH112402019,2023-01-01,Y,4467.0,450248.5904,100.7944012536378,3731.0,472.0,264.0,0.0007560378295327,7.62043803528506
GOBLG0000F3,PH112402164,2023-01-01,Y,1364.0,66290.738,48.60024780058651,1254.0,99.0,11.0,0.0122615781660523,59.591573729640544
GOBLG0000F4,PH112402159,2023-01-01,Y,334.0,41184.5375,123.306998502994,222.0,62.0,50.0,0.0041253267557413,50.86816600945549
GOBLG0000F5,PH112402141,2023-01-01,Y,4052.0,219103.6698,54.07296885488648,3735.0,230.0,87.0,0.0042910607894535,23.203039642254723
GOBLG0000F6,PH112402176,2023-01-01,Y,7085.0,604429.0789,85.31109088214538,5269.0,1546.0,270.0,0.0027106219667197,23.124611694996908
GOBLG0000F7,PH112402143,2023-01-01,Y,2683.0,276757.8538,103.15238680581436,1886.0,486.0,311.0,0.0027659959000176,28.53190789819182
GOBLG0000F8,PH112402010,2023-01-01,Y,6844.0,480522.249,70.21073188194039,5545.0,1201.0,98.0,0.0027884148681014,19.577664867988403
GOBLG0000F9,PH112402018,2023-01-01,Y,1363.0,129341.853,94.8949765223771,1144.0,154.0,65.0,0.0002630230243453,2.4959563720094224
GOBLG0000FA,PH112402116,2023-01-01,Y,21232.0,1732695.4282,81.60773493782969,16127.0,3928.0,1177.0,0.0032210872306217,26.286563292821047
GOBLG0000FB,PH112402107,2023-01-01,Y,3098.0,210814.8928,68.0487065203357,2720.0,318.0,60.0,0.0002609437093554,1.7756881896257657
GOBLG0000FC,PH112402144,2023-01-01,Y,509.0,69142.0949,135.8390862475442,321.0,96.0,92.0,0.003679623737377,49.983672622007774
GOBLG0000FD,PH112402013,2023-01-01,Y,1319.0,84394.9478,63.984039272175885,1158.0,122.0,39.0,0.0001235085068023,0.7902573149686497
GOBLG0000FE,PH112402036,2023-01-01,Y,3772.0,331425.0911,87.86455225344645,2820.0,707.0,245.0,0.0044454972382728,39.060162438477455
GOBLG0000FF,PH112402060,2023-01-01,Y,1152.0,45340.3271,39.35792282986111,1084.0,58.0,10.0,4.297691250576889e-05,0.1691482005867745
GOBLG000100,PH112402173,2023-01-01,Y,533.0,47207.9865,88.57033114446529,436.0,63.0,34.0,0.0041199099604076,36.49017894786889
GOBLG000101,PH112402138,2023-01-01,Y,1788.0,147138.6717,82.29232197986578,1417.0,261.0,110.0,0.0050274387958708,41.37196121238713
GOBLG000102,PH112402077,2023-01-01,Y,6842.0,497380.1671,72.69514280912014,5601.0,1019.0,222.0,0.0012568379756391,9.136601612701376
GOBLG000103,PH112402050,2023-01-01,Y,11463.0,807573.2841,70.45043043705837,9858.0,1362.0,243.0,0.0008451221889601,5.953922198415321
GOBLG000104,PH137401003,2023-01-01,Y,1619.0,142409.371,87.96131624459544,1184.0,334.0,101.0,0.0076091302524419,66.93091124813644
GOBLG000105,PH137401016,2023-01-01,Y,1197.0,151435.0279,126.51213692564744,756.0,266.0,175.0,0.003806884789386,48.1617129734971
GOBLG000106,PH137401011,2023-01-01,Y,919.0,77469.3619,84.29745582154516,683.0,172.0,64.0,0.0063596485590431,53.6102193446495
GOBLG000107,PH137401001,2023-01-01,Y,8656.0,537703.9089,62.119213135397416,7635.0,546.0,475.0,0.0074199971315101,46.092438327631946
GOBLG000108,PH137401008,2023-01-01,Y,168.0,36112.3313,214.95435297619048,99.0,27.0,42.0,0.0020329564702925,43.69928427004876
GOBLG000109,PH137401013,2023-01-01,Y,2641.0,530674.4453,200.93693498674745,1569.0,494.0,578.0,0.0022821778173148,45.85738157059827
GOBLG00010A,PH137503010,2023-01-01,Y,4832.0,294450.3961,60.93758197433775,4138.0,501.0,193.0,0.0068252102321102,41.59118080113094
GOBLG00010B,PH137603004,2023-01-01,Y,11959.0,1720738.4329,143.8864815536416,7668.0,1737.0,2554.0,0.0024338524338569,35.01984633284487
GOBLG00010C,PH137603002,2023-01-01,Y,6439.0,406473.8597,63.126861267277526,5433.0,804.0,202.0,0.0070284262958442,44.36824917050453
GOBLG00010D,PH015518010,2023-01-01,Y,1629.0,79561.045,48.8404205033763,1473.0,141.0,15.0,0.0013532462646903,6.609311661210186
GOBLG00010E,PH015518003,2023-01-01,Y,625.0,58396.891,93.4350256,440.0,137.0,48.0,0.0055249968281475,51.6228220077882
GOBLG00010F,PH015518012,2023-01-01,Y,2616.0,214269.9156,81.90746009174312,1967.0,482.0,167.0,0.0023512944863871,19.258855930769165
GOBLG000110,PH015518009,2023-01-01,Y,10285.0,669352.5081,65.08045776373359,8429.0,1474.0,382.0,0.0020758576859225,13.509776845220696
GOBLG000111,PH034919016,2023-01-01,Y,1202.0,59180.2782,49.23484043261232,1090.0,99.0,13.0,9.222231528715936e-05,0.4540550977489354
GOBLG000112,PH034919021,2023-01-01,Y,631.0,28369.2617,44.95921030110935,580.0,46.0,5.0,0.0001118385437865,0.5028172609870991
GOBLG000113,PH034919006,2023-01-01,Y,942.0,56163.2021,59.62123365180467,797.0,118.0,27.0,0.0003008100121595,1.7934664019764686
GOBLG000114,PH034919014,2023-01-01,Y,1902.0,133099.0594,69.97847497371188,1599.0,226.0,77.0,0.0001890856293377,1.3231923980503182
GOBLG000115,PH034919018,2023-01-01,Y,587.0,28343.687,48.28566780238501,534.0,50.0,3.0,4.283385682292791e-05,0.2068261381246819
GOBLG000116,PH034919003,2023-01-01,Y,4434.0,419911.1883,94.70256840324762,3324.0,658.0,452.0,0.0001852000135853,1.7538916954848711
GOBLG000117,PH034919004,2023-01-01,Y,607.0,43527.7969,71.70971482701812,472.0,112.0,23.0,0.0013638602882592,9.780203233496472
GOBLG000118,PH034919015,2023-01-01,Y,1033.0,88621.0772,85.79000696999032,786.0,185.0,62.0,0.0011763600371491,10.091993578624349
GOBLG000119,PH034919001,2023-01-01,Y,732.0,77695.1064,106.14085573770492,582.0,93.0,57.0,7.158918148633235e-05,0.7598536984521178
GOBLG00011A,PH050506069,2023-01-01,Y,974.0,46105.65,47.33639630390144,904.0,62.0,8.0,0.000878773665923,4.1597978511566085
GOBLG00011B,PH050506016,2023-01-01,Y,590.0,52297.9112,88.64052745762713,491.0,50.0,49.0,0.0016227770098973,14.384381010341
GOBLG00011C,PH050506050,2023-01-01,Y,620.0,32542.718,52.48825483870968,582.0,27.0,11.0,4.464797239701976e-05,0.2343494153206448
GOBLG00011D,PH050506009,2023-01-01,Y,178.0,17447.836,98.02155056179777,124.0,34.0,20.0,0.0050071859280265,49.08121286163776
GOBLG00011E,PH050506059,2023-01-01,Y,650.0,32316.6639,49.71794446153846,608.0,35.0,7.0,0.0001491575245041,0.7415805519320048
GOBLG00011F,PH050506026,2023-01-01,Y,406.0,18200.1304,44.82790738916257,374.0,20.0,12.0,0.0084036076812163,37.67161468684217
GOBLG000120,PH050506046,2023-01-01,Y,2195.0,186888.6679,85.14290109339407,1876.0,204.0,115.0,0.0016787796283264,14.293616785219992
GOBLG000121,PH050506023,2023-01-01,Y,285.0,21713.2935,76.18699473684211,231.0,35.0,19.0,0.0063080954975785,48.05948384735135
GOBLG000122,PH050506010,2023-01-01,Y,351.0,26166.0828,74.54724444444444,278.0,52.0,21.0,0.0040101443448678,29.89452107343732
GOBLG000123,PH050506037,2023-01-01,Y,1451.0,122025.5023,84.0975205375603,1151.0,203.0,97.0,0.0030540120181487,25.683483841821783
GOBLG000124,PH050506019,2023-01-01,Y,572.0,29418.709,51.43130944055944,548.0,19.0,5.0,0.0074717940909918,38.42841539699462
GOBLG000125,PH063022118,2023-01-01,Y,1130.0,54998.249,48.671016814159294,1035.0,77.0,18.0,0.0089662514638392,43.63965757565006
GOBLG000126,PH063022015,2023-01-01,Y,382.0,54155.8714,141.76929685863874,201.0,103.0,78.0,0.0030254110237547,42.891039354607855
GOBLG000127,PH063022152,2023-01-01,Y,944.0,59687.2324,63.228000423728815,782.0,133.0,29.0,0.0010712547340981,6.773329478147631
GOBLG000128,PH063022040,2023-01-01,Y,922.0,98875.7887,107.24055173535793,628.0,198.0,96.0,0.0034669552858898,37.17981977006392
GOBLG000129,PH063022020,2023-01-01,Y,277.0,24020.8011,86.71769350180506,231.0,29.0,17.0,0.0044166872659797,38.30049326245592
GOBLG00012A,PH063022109,2023-01-01,Y,516.0,35911.0161,69.59499244186047,428.0,61.0,27.0,0.0034212927522078,23.81048432312973
GOBLG00012B,PH063022110,2023-01-01,Y,2114.0,112004.1392,52.98209044465469,1904.0,195.0,15.0,0.0086952047853327,46.06901263712926
GOBLG00012C,PH063022149,2023-01-01,Y,996.0,77061.0368,77.37051887550201,797.0,121.0,78.0,0.0045656393404613,35.324588476990165
GOBLG00012D,PH063022052,2023-01-01,Y,593.0,38137.1775,64.3122723440135,508.0,69.0,16.0,0.0063598380521994,40.90156368768688
GOBLG00012E,PH063022138,2023-01-01,Y,165.0,18355.6612,111.24643151515151,120.0,26.0,19.0,0.0056712907536694,63.09108584306035
GOBLG00012F,PH063022176,2023-01-01,Y,918.0,71808.3054,78.22255490196078,704.0,148.0,66.0,0.0026458140834862,20.69623374058809
GOBLG000130,PH063022179,2023-01-01,Y,2165.0,172043.2378,79.46569875288684,1645.0,409.0,111.0,0.0015752756833655,12.518038290707134
GOBLG000131,PH063022054,2023-01-01,Y,169.0,73261.1057,433.49766686390535,51.0,22.0,96.0,0.0016335530439559,70.8141433253341
GOBLG000132,PH063022092,2023-01-01,Y,179.0,23444.5688,130.97524469273745,135.0,33.0,11.0,0.0046641552423635,61.08888741534761
GOBLG000133,PH063022132,2023-01-01,Y,422.0,75010.03,177.74888625592416,307.0,74.0,41.0,0.0015376542296522,27.331632676739563
GOBLG000134,PH063022085,2023-01-01,Y,149.0,39278.3543,263.6131161073825,89.0,35.0,25.0,0.002769445472379,73.00621508633138
GOBLG000135,PH063022160,2023-01-01,Y,1538.0,279464.4787,181.70642308192456,1062.0,200.0,276.0,0.0009641777848767,17.51972965050085
GOBLG000136,PH063022134,2023-01-01,Y,867.0,77989.2237,89.95296851211073,591.0,222.0,54.0,0.0053209211576304,47.86326533477544
GOBLG000137,PH063022035,2023-01-01,Y,372.0,31250.3501,84.00631747311827,278.0,65.0,29.0,0.0063182379878395,53.07719062771676
GOBLG000138,PH063022029,2023-01-01,Y,1215.0,79511.86779999999,65.44186650205761,1019.0,167.0,29.0,0.0049982579218594,32.70953276651811
GOBLG000139,PH063022194,2023-01-01,Y,1705.0,117362.2101,68.83414082111437,1346.0,310.0,49.0,0.0033484856639138,23.04901337273256
GOBLG00013A,PH063022144,2023-01-01,Y,2335.0,163735.6273,70.1223243254818,1916.0,303.0,116.0,0.0018421667684928,12.917701560188195
GOBLG00013B,PH063022095,2023-01-01,Y,719.0,61684.5522,85.79214492350486,564.0,105.0,50.0,0.0063210250481201,54.22942969934306
GOBLG00013C,PH063022164,2023-01-01,Y,1139.0,90590.9256,79.53549218612818,837.0,236.0,66.0,0.0032565811536766,25.901378490174253
GOBLG00013D,PH063022158,2023-01-01,Y,1016.0,70228.9992,69.12303070866142,833.0,117.0,66.0,0.0040571383428597,28.04416982627835
GOBLG00013E,PH063022197,2023-01-01,Y,113.0,11668.5373,103.26139203539825,81.0,16.0,16.0,0.0037796343769771,39.02903071515074
GOBLG00013F,PH063022114,2023-01-01,Y,1111.0,101231.2887,91.11727155715572,784.0,217.0,110.0,0.0013955007085394,12.715421701819617
GOBLG000140,PH063022183,2023-01-01,Y,1381.0,130201.7431,94.2807698044895,1138.0,141.0,102.0,0.0011756028492112,11.083674160798909
GOBLG000141,PH063022099,2023-01-01,Y,978.0,114714.9678,117.2954680981595,558.0,282.0,138.0,0.004089256584401,47.96512652408013
GOBLG000142,PH063022077,2023-01-01,Y,1186.0,88826.4927,74.89586231028667,906.0,239.0,41.0,0.0066904887497075,50.10899241866216
GOBLG000143,PH063022123,2023-01-01,Y,56.0,17667.0501,315.4830375,29.0,10.0,17.0,0.0017845567082257,56.29973709020728
GOBLG000144,PH063022150,2023-01-01,Y,404.0,48835.5931,120.88018094059406,287.0,62.0,55.0,0.0041407207022652,50.05310677142858
GOBLG000145,PH063022122,2023-01-01,Y,426.0,55112.8243,129.37282699530516,302.0,44.0,80.0,0.0044202490107643,57.18601105457811
GOBLG000146,PH063022038,2023-01-01,Y,757.0,78209.0799,103.31450449141347,601.0,96.0,60.0,0.0034286997000533,35.42344105608703
GOBLG000147,PH063022196,2023-01-01,Y,1202.0,85019.2717,70.73150723793677,929.0,227.0,46.0,0.0034047561484748,24.08235341592557
GOBLG000148,PH063022167,2023-01-01,Y,1146.0,50979.1031,44.48438315881327,1072.0,56.0,18.0,0.0058229466303257,25.90301890167301
GOBLG000149,PH063022182,2023-01-01,Y,374.0,30705.4409,82.10010935828878,295.0,57.0,22.0,0.0064820143426366,53.21740863924693
GOBLG00014A,PH072230026,2023-01-01,Y,5481.0,846026.0724,154.35615259989052,4113.0,677.0,691.0,0.0024156046190255,37.28634351953145
GOBLG00014B,PH072230003,2023-01-01,Y,6824.0,786870.0609,115.3092117379836,5010.0,1001.0,813.0,0.0034311333769875,39.564128506831786
GOBLG00014C,PH072230009,2023-01-01,Y,3345.0,345630.1904,103.32741118086696,2665.0,414.0,266.0,0.0042170177498434,43.57335269950903
GOBLG00014D,PH083747138,2023-01-01,Y,465.0,31269.115,67.24540860215055,359.0,83.0,23.0,0.004986260408519,33.53031185675927
GOBLG00014E,PH083747045,2023-01-01,Y,129.0,10442.8596,80.9524,94.0,25.0,10.0,0.0087620029690836,70.93051691544464
GOBLG00014F,PH083747122,2023-01-01,Y,1413.0,60781.9433,43.0162372965322,1309.0,87.0,17.0,0.0016800530331216,7.226955994351872
GOBLG000150,PH083747097,2023-01-01,Y,173.0,7022.5108,40.59254797687861,164.0,6.0,3.0,0.0019843827857256,8.055115343406134
GOBLG000151,PH083747068,2023-01-01,Y,149.0,13325.3823,89.43209597315436,97.0,39.0,13.0,0.0060033524629296,53.68923936254012
GOBLG000152,PH083747136,2023-01-01,Y,2445.0,200013.1715,81.80497811860941,1994.0,288.0,163.0,0.001254644519094,10.2636167431124
GOBLG000153,PH083747131,2023-01-01,Y,2625.0,157951.5314,60.172011961904765,2195.0,356.0,74.0,0.0008309256774816,4.999846980488119
GOBLG000154,PH083747074,2023-01-01,Y,155.0,14700.7731,94.84369741935484,102.0,41.0,12.0,0.0046800461280117,44.387287887376935
GOBLG000155,PH083747023,2023-01-01,Y,1231.0,59273.7366,48.15088269699431,1126.0,75.0,30.0,0.000185304779513,0.8922588701524639
GOBLG000156,PH083747107,2023-01-01,Y,308.0,26342.5629,85.52780162337663,233.0,52.0,23.0,0.0029088726518416,24.878948311437966
GOBLG000157,PH083747024,2023-01-01,Y,4756.0,238831.0594,50.21679129520606,4232.0,440.0,84.0,0.0007112847193334,3.571843630223552
GOBLG000158,PH083747095,2023-01-01,Y,253.0,12036.9004,47.576681422924906,240.0,8.0,5.0,0.0024681276630818,11.742532353755232
GOBLG000159,PH083747027,2023-01-01,Y,750.0,80293.208,107.05761066666666,564.0,79.0,107.0,0.0002293627917593,2.455503246159749
GOBLG00015A,PH083747072,2023-01-01,Y,107.0,18448.8453,172.41911495327105,69.0,18.0,20.0,0.002936087999747,50.62376943413052
GOBLG00015B,PH083747094,2023-01-01,Y,920.0,58697.7532,63.80190565217392,761.0,124.0,35.0,0.0066991368947759,42.74177001114893
GOBLG00015C,PH083747115,2023-01-01,Y,1111.0,59011.7844,53.11591755175517,980.0,103.0,28.0,0.0031474753406532,16.718104069032027
GOBLG00015D,PH083747041,2023-01-01,Y,153.0,17350.3584,113.40103529411763,88.0,41.0,24.0,0.0052639165359681,59.6933584880615
GOBLG00015E,PH083747085,2023-01-01,Y,365.0,23376.2297,64.04446493150685,304.0,52.0,9.0,0.0068122514397361,43.6286998436788
GOBLG00015F,PH083747064,2023-01-01,Y,25.0,6761.1933,270.447732,9.0,7.0,9.0,0.0021814942279567,58.99801663220039
GOBLG000160,PH083747040,2023-01-01,Y,65.0,12172.6259,187.27116769230767,20.0,18.0,27.0,0.004092158177053,76.63432401983545
GOBLG000161,PH083747066,2023-01-01,Y,174.0,14174.1142,81.4604264367816,136.0,23.0,15.0,0.0092982985670119,75.74433664053117
GOBLG000162,PH083747073,2023-01-01,Y,98.0,9634.912,98.31542857142855,65.0,22.0,11.0,0.005576655419246,54.82712675383547
GOBLG000163,PH083747090,2023-01-01,Y,155.0,9277.5607,59.855230322580645,137.0,13.0,5.0,0.0043294259231067,25.913878579210696
GOBLG000164,PH083747037,2023-01-01,Y,53.0,7732.3636,145.89365283018867,26.0,16.0,11.0,0.0048462429814759,70.70360910701955
GOBLG000165,PH083747152,2023-01-01,Y,1763.0,118800.0041,67.38514129325014,1474.0,208.0,81.0,0.0014278485720243,9.621577777122646
GOBLG000166,PH083747015,2023-01-01,Y,90.0,11924.9421,132.49935666666667,52.0,23.0,15.0,0.0058648273845336,77.70858554117537
GOBLG000167,PH083747082,2023-01-01,Y,169.0,13045.2225,77.19066568047337,123.0,36.0,10.0,0.0065241859824405,50.36062590077961
GOBLG000168,PH083747038,2023-01-01,Y,89.0,16118.4656,181.10635505617972,35.0,25.0,29.0,0.0041507186944701,75.1721533619038
GOBLG000169,PH083747042,2023-01-01,Y,106.0,10779.181,101.69038679245284,69.0,29.0,8.0,0.0062406585683767,63.461498365786376
GOBLG00016A,PH083747098,2023-01-01,Y,166.0,6173.9382,37.19239879518072,158.0,7.0,1.0,0.0021874244789783,8.135556355650314
GOBLG00016B,PH097332098,2023-01-01,Y,610.0,25055.4211,41.07446081967213,581.0,22.0,7.0,9.657692422711878e-05,0.3966845090251235
GOBLG00016C,PH097332050,2023-01-01,Y,1484.0,81586.048,54.977121293800536,1313.0,142.0,29.0,9.783326813644229e-05,0.5378591448906098
GOBLG00016D,PH097332039,2023-01-01,Y,490.0,23774.7836,48.51996653061224,454.0,27.0,9.0,3.571349818404607e-05,0.1732817736580996
GOBLG00016E,PH097332064,2023-01-01,Y,713.0,122873.3436,172.3328802244039,385.0,168.0,160.0,0.0023677490665314,40.80410162840094
GOBLG00016F,PH097332073,2023-01-01,Y,6396.0,371888.1066,58.14385656660413,5745.0,490.0,161.0,0.0006323540446752,3.676750287291098
GOBLG000170,PH097332076,2023-01-01,Y,9457.0,834933.6906,88.28737343766522,6682.0,1983.0,792.0,0.0024278429759836,21.434787946868187
GOBLG000171,PH097332032,2023-01-01,Y,2772.0,132875.8717,47.93501865079365,2560.0,177.0,35.0,4.577612489813971e-05,0.2194279400753386
GOBLG000172,PH097332002,2023-01-01,Y,8103.0,583970.9947,72.0684924966062,7096.0,797.0,210.0,0.0019994116021248,14.409458004535924
GOBLG000173,PH097332099,2023-01-01,Y,2223.0,227328.4773,102.26202307692309,1769.0,243.0,211.0,0.0030352133818942,31.038706090265133
GOBLG000174,PH097332089,2023-01-01,Y,634.0,32791.075,51.72093848580441,571.0,55.0,8.0,5.494747920734401e-05,0.2841935192033056
GOBLG000175,PH097332101,2023-01-01,Y,6429.0,412773.5509,64.20493869964224,5960.0,333.0,136.0,0.0048113481625198,30.891231383722083
GOBLG000176,PH097332053,2023-01-01,Y,10234.0,612970.2479,59.89547077389095,8803.0,1206.0,225.0,0.0007839518325971,4.695516407746108
GOBLG000177,PH097332071,2023-01-01,Y,5011.0,415389.3394,82.89549778487329,3923.0,809.0,279.0,0.0033333866008222,27.632274158458653
GOBLG000178,PH097332037,2023-01-01,Y,1625.0,88883.5046,54.69754129230769,1475.0,118.0,32.0,0.0001754292960767,0.959555116603966
GOBLG000179,PH097332085,2023-01-01,Y,12455.0,763191.4886,61.27591237254115,10548.0,1558.0,349.0,0.0015242673540038,9.3400872816263
GOBLG00017A,PH097332904,2023-01-01,Y,230.0,8600.1728,37.39205565217392,215.0,14.0,1.0,2.8866275898958496e-06,0.0107936939488486
GOBLG00017B,PH097332001,2023-01-01,Y,3581.0,141590.1712,39.53928265847529,3419.0,127.0,35.0,0.0038036297556898,15.03927920384082
GOBLG00017C,PH097332083,2023-01-01,Y,2305.0,149363.1109,64.79961427331887,1977.0,265.0,63.0,0.0002828325331265,1.83274390505434
GOBLG00017D,PH097332087,2023-01-01,Y,11170.0,1084390.3692,97.0806060161146,7928.0,2254.0,988.0,0.003721828670873,36.13173828565101
GOBLG00017E,PH097332043,2023-01-01,Y,784.0,35832.8212,45.70512908163265,740.0,35.0,9.0,0.0001056710776897,0.4829710246003357
GOBLG00017F,PH097332021,2023-01-01,Y,4018.0,382546.4192,95.20816804380289,2916.0,714.0,388.0,0.0037911801173982,36.09513137015758
GOBLG000180,PH097332084,2023-01-01,Y,3661.0,494020.959,134.9415348265501,2890.0,448.0,323.0,0.0003187668375379,4.301488630917163
GOBLG000181,PH104305071,2023-01-01,Y,796.0,35836.9006,45.02123190954774,739.0,46.0,11.0,5.442265033258338e-05,0.2450174761755461
GOBLG000182,PH104305079,2023-01-01,Y,233.0,22710.6561,97.47062703862662,174.0,36.0,23.0,0.0053237494699123,51.890919902891696
GOBLG000183,PH104305031,2023-01-01,Y,75.0,15799.1672,210.65556266666667,26.0,20.0,29.0,0.0026894046138237,56.653804216336255
GOBLG000184,PH104305025,2023-01-01,Y,189.0,24033.9948,127.16399365079366,115.0,37.0,37.0,0.0032491316883537,41.317256138840605
GOBLG000185,PH104305077,2023-01-01,Y,387.0,73305.4668,189.4198108527132,214.0,69.0,104.0,0.0020336155718915,38.52070769748329
GOBLG000186,PH104305074,2023-01-01,Y,178.0,20916.4726,117.50827303370788,102.0,41.0,35.0,0.0024541431308412,28.838212108269573
GOBLG000187,PH104305069,2023-01-01,Y,781.0,37216.9378,47.65292932138284,728.0,36.0,17.0,7.783912655979427e-05,0.370926239639205
GOBLG000188,PH104305039,2023-01-01,Y,547.0,24283.1399,44.39330877513711,511.0,26.0,10.0,2.248904598936129e-05,0.0998363162663974
GOBLG000189,PH104305065,2023-01-01,Y,970.0,56069.0929,57.80318855670104,850.0,97.0,23.0,0.0001444012591479,0.8346853210356822
GOBLG00018A,PH104305011,2023-01-01,Y,446.0,37401.3346,83.85949461883409,331.0,85.0,30.0,0.0035831385397307,30.048018709108764
GOBLG00018B,PH104305068,2023-01-01,Y,637.0,28086.8836,44.09243893249608,588.0,39.0,10.0,7.368531694610219e-05,0.3248965337667629
GOBLG00018C,PH104305024,2023-01-01,Y,85.0,14148.6013,166.45413294117648,34.0,31.0,20.0,0.0030319492483953,50.46804832633009
GOBLG00018D,PH104305053,2023-01-01,Y,9735.0,761474.8184,78.22032032871084,8188.0,1106.0,441.0,0.0044787875765747,35.033219892392715
GOBLG00018E,PH104305006,2023-01-01,Y,156.0,17577.9572,112.67921282051284,97.0,35.0,24.0,0.0029196313902341,32.8981766777644
GOBLG00018F,PH112402174,2023-01-01,Y,2220.0,159647.2341,71.91316851351351,1844.0,297.0,79.0,0.0004793307256158,3.4470191244918555
GOBLG000190,PH112402088,2023-01-01,Y,692.0,32891.0803,47.53046286127168,640.0,39.0,13.0,6.699222134884343e-05,0.3184171288815294
GOBLG000191,PH112402105,2023-01-01,Y,4000.0,204555.1721,51.138793025,3594.0,358.0,48.0,0.0001921199874668,0.9824784275034268
GOBLG000192,PH112402189,2023-01-01,Y,1632.0,77798.2155,47.670475183823534,1507.0,96.0,29.0,8.578035274354536e-05,0.4089190176720808
GOBLG000193,PH112402122,2023-01-01,Y,1026.0,85114.5452,82.95764639376218,866.0,136.0,24.0,0.0001022816417266,0.8485044266930851
GOBLG000194,PH112402058,2023-01-01,Y,5305.0,314934.1325,59.365529217719136,4689.0,500.0,116.0,0.0011013928059855,6.538476680391922
GOBLG000195,PH112402009,2023-01-01,Y,1497.0,143864.3077,96.1017419505678,1269.0,158.0,70.0,0.0003374378570338,3.242836586102238
GOBLG000196,PH112402166,2023-01-01,Y,576.0,49505.0453,85.94625920138888,400.0,145.0,31.0,0.0050233066180041,43.17344126390405
GOBLG000197,PH112402142,2023-01-01,Y,2637.0,255425.5362,96.86216769055746,1825.0,525.0,287.0,0.0033075822799237,32.0379589448293
GOBLG000198,PH112402048,2023-01-01,Y,3027.0,218470.1047,72.17380399735711,2599.0,316.0,112.0,0.0001992671770778,1.4381870181523098
GOBLG000199,PH112402063,2023-01-01,Y,2477.0,164183.5891,66.2832414614453,2072.0,253.0,152.0,0.0002960770462772,1.9624946349585632
GOBLG00019A,PH112402023,2023-01-01,Y,20113.0,1647469.0893,81.91065924029235,15101.0,4293.0,719.0,0.0020202487432137,16.547990638600787
GOBLG00019B,PH112402901,2023-01-01,Y,604.0,21206.6076,35.11027748344371,591.0,11.0,2.0,2.6497479588352896e-06,0.0093033386095895
GOBLG00019C,PH112402091,2023-01-01,Y,2961.0,126802.1866,42.824108949679164,2786.0,130.0,45.0,7.889181002521753e-05,0.3378471467757306
GOBLG00019D,PH112402089,2023-01-01,Y,1811.0,78573.5592,43.38683556046384,1687.0,105.0,19.0,5.478013928168479e-05,0.2376736894993763
GOBLG00019E,PH112402139,2023-01-01,Y,504.0,62459.0971,123.92677996031746,348.0,80.0,76.0,0.003290086503739,40.772982619928506
GOBLG00019F,PH112402192,2023-01-01,Y,3068.0,396836.7158,129.3470390482399,2267.0,580.0,221.0,0.0031580537927438,40.848490724647824
GOBLG0001A0,PH112402079,2023-01-01,Y,8446.0,599189.3803,70.94356858868103,6754.0,1303.0,389.0,0.0013011336118388,9.230706163452432
GOBLG0001A1,PH112402119,2023-01-01,Y,1032.0,63388.0059,61.4224863372093,885.0,120.0,27.0,8.227307361719885e-05,0.5053416740172612
GOBLG0001A2,PH112402035,2023-01-01,Y,8617.0,701602.0616,81.42068719972148,6844.0,1485.0,288.0,0.0015650975923495,12.743132150373338
GOBLG0001A3,PH112402102,2023-01-01,Y,601.0,30492.3917,50.73609267886855,549.0,38.0,14.0,3.4784883047468546e-05,0.1764849050119968
GOBLG0001A4,PH112402106,2023-01-01,Y,2300.0,123597.2555,53.737937173913046,2102.0,161.0,37.0,5.125445745206539e-05,0.2754308814442089
GOBLG0001A5,PH112402163,2023-01-01,Y,529.0,94402.9758,178.45553081285445,251.0,127.0,151.0,0.0026064213647723,46.51303081724084
GOBLG0001A6,PH112402172,2023-01-01,Y,880.0,70237.988,79.81589545454545,700.0,140.0,40.0,0.0063226954785775,50.465160130907314
GOBLG0001A7,PH112402124,2023-01-01,Y,12408.0,1137977.9574,91.71324608317214,9992.0,1837.0,579.0,0.0015885295694017,14.568920330893391
GOBLG0001A8,PH112402016,2023-01-01,Y,3591.0,310102.711,86.35553077137288,3106.0,316.0,169.0,0.000308744346175,2.666178188660577
GOBLG0001A9,PH112402149,2023-01-01,Y,204.0,27101.3868,132.84993529411764,100.0,56.0,48.0,0.0036845987383482,48.94987039743513
GOBLG0001AA,PH112402015,2023-01-01,Y,2188.0,110942.0507,50.70477637111518,1978.0,178.0,32.0,0.0001698619836449,0.8612813894673584
GOBLG0001AB,PH112402064,2023-01-01,Y,3355.0,412270.847,122.88251773472427,2730.0,369.0,256.0,0.0004340714179801,5.3339788718086
GOBLG0001AC,PH112402126,2023-01-01,Y,5305.0,484216.2524,91.27544814326107,3936.0,994.0,375.0,0.0034503982583939,31.49366473076357
GOBLG0001AD,PH112402167,2023-01-01,Y,467.0,82671.9233,177.02767301927193,295.0,83.0,89.0,0.0024502492398215,43.37619212428459
GOBLG0001AE,PH112402069,2023-01-01,Y,6168.0,451148.279,73.14336559662776,4679.0,1242.0,247.0,0.0006027043010669,4.408382103959874
GOBLG0001AF,PH112402181,2023-01-01,Y,2868.0,383786.662,133.81682775453277,1831.0,524.0,513.0,0.0034108266609975,45.6426003795271
GOBLG0001B0,PH112402070,2023-01-01,Y,2604.0,153886.6544,59.096257450076806,2226.0,325.0,53.0,0.0002581051484167,1.5253048300025362
GOBLG0001B1,PH112402098,2023-01-01,Y,575.0,18239.6582,31.72114469565218,558.0,13.0,4.0,1.9350242862142712e-05,0.0613811853726039
GOBLG0001B2,PH112402004,2023-01-01,Y,378.0,16308.2692,43.14356931216931,352.0,23.0,3.0,0.0001302007227595,0.5617323906872925
GOBLG0001B3,PH112402022,2023-01-01,Y,8250.0,814657.503,98.746364,7020.0,826.0,404.0,0.0011579642727277,11.434476157377008
GOBLG0001B4,PH112402169,2023-01-01,Y,371.0,33251.8851,89.62772264150944,248.0,91.0,32.0,0.0057845196902468,51.84533264117942
GOBLG0001B5,PH112402051,2023-01-01,Y,875.0,50776.3894,58.03015931428571,805.0,56.0,14.0,0.000130207800554,0.7555979410112542
GOBLG0001B6,PH137401012,2023-01-01,Y,502.0,28508.7257,56.79029023904382,440.0,50.0,12.0,0.0105080810819512,59.675697449941936
GOBLG0001B7,PH137401026,2023-01-01,Y,698.0,72096.4514,103.29004498567336,528.0,111.0,59.0,0.0040310522985725,41.636757325915966
GOBLG0001B8,PH137401017,2023-01-01,Y,3006.0,229602.8082,76.38150638722554,2526.0,296.0,184.0,0.0045741142314229,34.93777353833336
GOBLG0001B9,PH137603009,2023-01-01,Y,8306.0,1797476.3627,216.40697841319528,3109.0,1321.0,3876.0,0.0012306520654249,26.63216949565641
GOBLG0001BA,PH137603007,2023-01-01,Y,9287.0,805773.0378,86.76354450306881,7529.0,1196.0,562.0,0.0034856953125652,30.24312803758929
GOBLG0001BB,PH015518026,2023-01-01,Y,1016.0,65825.9031,64.7892747047244,832.0,142.0,42.0,0.0033236826852694,21.53389905272608
GOBLG0001BC,PH015518032,2023-01-01,Y,1345.0,94957.5708,70.6004243866171,1111.0,187.0,47.0,0.0017126430608551,12.09133269191697
GOBLG0001BD,PH015518007,2023-01-01,Y,4094.0,292326.8168,71.40371685393258,3409.0,532.0,153.0,0.0010665118967636,7.615291349786375
GOBLG0001BE,PH015518011,2023-01-01,Y,2126.0,103365.9728,48.619930761994354,1920.0,183.0,23.0,0.0010367531309847,5.0406865445761015
GOBLG0001BF,PH015518028,2023-01-01,Y,815.0,38899.3573,47.7292727607362,731.0,69.0,15.0,0.0011854088279644,5.657870128289975
GOBLG0001C0,PH015518006,2023-01-01,Y,1690.0,141869.0504,83.94618366863905,1338.0,239.0,113.0,0.0014272459781141,11.98118530190981
GOBLG0001C1,PH034919011,2023-01-01,Y,1826.0,108769.8538,59.56728028477546,1568.0,223.0,35.0,0.0009591144717082,5.713184056143232
GOBLG0001C2,PH034919013,2023-01-01,Y,1437.0,144303.9238,100.4202670842032,1057.0,203.0,177.0,0.0002338695841103,2.3485246099234978
GOBLG0001C3,PH034919020,2023-01-01,Y,1440.0,127424.9624,88.48955722222223,1153.0,218.0,69.0,0.0004134698389757,3.658776297571078
GOBLG0001C4,PH050506055,2023-01-01,Y,2977.0,215508.3323,72.39110927107826,2404.0,439.0,134.0,0.0032887944112543,23.80794755952275
GOBLG0001C5,PH050506018,2023-01-01,Y,232.0,16967.6884,73.13658793103448,194.0,25.0,13.0,0.0050387702292507,36.85184619358739
GOBLG0001C6,PH050506025,2023-01-01,Y,694.0,31669.0476,45.63263342939481,651.0,28.0,15.0,0.0112377760311881,51.28093141928461
GOBLG0001C7,PH050506073,2023-01-01,Y,861.0,65460.1817,76.0280855981417,689.0,115.0,57.0,0.0053795997988014,40.9000673987026
GOBLG0001C8,PH050506066,2023-01-01,Y,899.0,44333.6387,49.31439232480534,819.0,70.0,10.0,0.0012850563738682,6.3371774180431535
GOBLG0001C9,PH050506021,2023-01-01,Y,378.0,47185.3735,124.82903042328044,271.0,59.0,48.0,0.003588648958579,44.796757002893685
GOBLG0001CA,PH050506033,2023-01-01,Y,1095.0,66202.5998,60.45899525114155,950.0,105.0,40.0,0.0075408311635597,45.59110755073171
GOBLG0001CB,PH050506039,2023-01-01,Y,303.0,21426.6821,70.71512244224422,227.0,64.0,12.0,0.0057003493550197,40.310090260378885
GOBLG0001CC,PH050506027,2023-01-01,Y,510.0,36443.1333,71.45712411764706,391.0,99.0,20.0,0.0058909774587326,42.095230744292266
GOBLG0001CD,PH050506044,2023-01-01,Y,992.0,47922.1307,48.30859949596774,927.0,56.0,9.0,6.24666219947786e-05,0.3017675023811768
GOBLG0001CE,PH050506015,2023-01-01,Y,526.0,37714.8115,71.70116254752853,433.0,57.0,36.0,0.0026831235796456,19.238307991927964
GOBLG0001CF,PH050506077,2023-01-01,Y,400.0,16100.791,40.2519775,379.0,15.0,6.0,0.0001725308943709,0.6944709678275413
GOBLG0001D0,PH050506030,2023-01-01,Y,382.0,50705.9815,132.73817146596858,285.0,43.0,54.0,0.0038843585454546,51.56026506418554
GOBLG0001D1,PH063022034,2023-01-01,Y,102.0,9955.8363,97.60623823529411,71.0,19.0,12.0,0.0063210358885195,61.69725348286792
GOBLG0001D2,PH063022074,2023-01-01,Y,289.0,35987.8697,124.52550069204152,179.0,70.0,40.0,0.0048011965717175,59.78714070140399
GOBLG0001D3,PH063022014,2023-01-01,Y,802.0,61209.2982,76.32082069825437,623.0,165.0,14.0,0.0098822455291993,75.42210891301508
GOBLG0001D4,PH063022030,2023-01-01,Y,2518.0,167606.4166,66.56331080222398,2186.0,266.0,66.0,0.001527058632766,10.164607838602292
GOBLG0001D5,PH063022024,2023-01-01,Y,2063.0,164759.5952,79.86407910809501,1528.0,417.0,118.0,0.0014721756850709,11.757395537352243
GOBLG0001D6,PH063022199,2023-01-01,Y,1229.0,74531.6499,60.64414149715216,1054.0,144.0,31.0,0.0028797385486707,17.463927202039503
GOBLG0001D7,PH063022175,2023-01-01,Y,4306.0,310373.5847,72.07932761263353,3423.0,670.0,213.0,0.003322909631237,23.95130919371097
GOBLG0001D8,PH063022119,2023-01-01,Y,505.0,42990.2215,85.12915148514851,390.0,58.0,57.0,0.003728357598393,31.739191878440565
GOBLG0001D9,PH063022112,2023-01-01,Y,476.0,70404.7806,147.90920294117646,302.0,111.0,63.0,0.0037823055173794,55.94377943556018
GOBLG0001DA,PH063022048,2023-01-01,Y,1766.0,126917.7641,71.86736359003397,1354.0,312.0,100.0,0.0025729154655693,18.490865125049087
GOBLG0001DB,PH063022018,2023-01-01,Y,839.0,71529.2227,85.25533098927295,639.0,133.0,67.0,0.0048566372434349,41.40542156838808
GOBLG0001DC,PH063022068,2023-01-01,Y,518.0,109647.4215,211.6745588803089,461.0,24.0,33.0,0.0002619287833546,5.544365967465792
GOBLG0001DD,PH063022108,2023-01-01,Y,362.0,34665.4568,95.76093038674033,238.0,94.0,30.0,0.0065100522507744,62.340866040045306
GOBLG0001DE,PH063022125,2023-01-01,Y,280.0,14766.6144,52.73790857142857,263.0,15.0,2.0,0.0139438123695797,73.53675018840498
GOBLG0001DF,PH063022174,2023-01-01,Y,751.0,130622.4877,173.9314083888149,481.0,122.0,148.0,0.0022850456097081,39.74412011292252
GOBLG0001E0,PH063022105,2023-01-01,Y,935.0,53492.1079,57.2108105882353,808.0,117.0,10.0,0.0058479620067721,33.45666466966396
GOBLG0001E1,PH063022098,2023-01-01,Y,2031.0,187922.7218,92.52718946331856,1319.0,461.0,251.0,0.0024566676986655,22.73085576028421
GOBLG0001E2,PH063022053,2023-01-01,Y,324.0,50213.0047,154.97840956790122,225.0,64.0,35.0,0.0050033732135105,77.54148231045058
GOBLG0001E3,PH063022010,2023-01-01,Y,4759.0,383515.9257,80.58750277369195,3746.0,823.0,190.0,0.0019551133635305,15.755770360639824
GOBLG0001E4,PH063022116,2023-01-01,Y,252.0,60553.5127,240.2917170634921,110.0,69.0,73.0,0.0032660070673666,78.47944461590228
GOBLG0001E5,PH063022079,2023-01-01,Y,650.0,34874.9489,53.65376753846154,576.0,58.0,16.0,0.0083487640071704,44.79426432742005
GOBLG0001E6,PH063022055,2023-01-01,Y,517.0,41164.035,79.6209574468085,402.0,89.0,26.0,0.0091952726615061,73.21364132935811
GOBLG0001E7,PH063022042,2023-01-01,Y,369.0,113774.6365,308.3323482384824,137.0,76.0,156.0,0.0018528534888794,57.129466716807705
GOBLG0001E8,PH063022127,2023-01-01,Y,925.0,59570.8392,64.40090724324324,727.0,171.0,27.0,0.0067450331340554,43.43862532189098
GOBLG0001E9,PH063022187,2023-01-01,Y,1091.0,71263.0825,65.3190490375802,977.0,72.0,42.0,0.00146920311001,9.596694998891474
GOBLG0001EA,PH063022063,2023-01-01,Y,726.0,60558.6559,83.41412658402204,563.0,115.0,48.0,0.0063117756857462,52.64912560207926
GOBLG0001EB,PH063022148,2023-01-01,Y,329.0,74762.4079,227.2413613981763,145.0,73.0,111.0,0.0017382180315272,39.49950318911156
GOBLG0001EC,PH063022155,2023-01-01,Y,961.0,81515.6215,84.82374765868886,700.0,177.0,84.0,0.0015501431269797,13.148894943777762
GOBLG0001ED,PH063022165,2023-01-01,Y,475.0,33283.3194,70.07014610526316,394.0,53.0,28.0,0.0012442109393913,8.718204230892107
GOBLG0001EE,PH063022032,2023-01-01,Y,4453.0,231619.9456,52.01436011677521,4004.0,350.0,99.0,0.0050470481971773,26.251898245470485
GOBLG0001EF,PH063022012,2023-01-01,Y,1651.0,126350.0357,76.52939775893398,1309.0,258.0,84.0,0.0051125886951252,39.12633338270669
GOBLG0001F0,PH063022131,2023-01-01,Y,170.0,51612.1346,303.6007917647059,72.0,29.0,69.0,0.000860016593765,26.110171879784144
GOBLG0001F1,PH063022102,2023-01-01,Y,294.0,52185.9544,177.5032462585034,147.0,55.0,92.0,0.0040609360821078,72.08293374224402
GOBLG0001F2,PH063022172,2023-01-01,Y,503.0,28566.4971,56.7922407554672,438.0,54.0,11.0,0.00519487672559,29.50286896946828
GOBLG0001F3,PH072230027,2023-01-01,Y,4281.0,306423.4724,71.57754552674609,3793.0,309.0,179.0,0.0020035463676777,14.34089313474017
GOBLG0001F4,PH072230008,2023-01-01,Y,1177.0,66805.3522,56.75900781648258,1023.0,124.0,30.0,0.0030165258753197,17.121501573589594
GOBLG0001F5,PH072230022,2023-01-01,Y,4637.0,676343.9366,145.8580842354971,3442.0,625.0,570.0,0.0021387412424938,31.195270030559445
GOBLG0001F6,PH083747150,2023-01-01,Y,1040.0,61701.3602,59.32823096153847,866.0,155.0,19.0,0.0017673897178108,10.485610537733166
GOBLG0001F7,PH083747018,2023-01-01,Y,1431.0,71666.8846,50.081680363382254,1329.0,72.0,30.0,0.0002086571361642,1.0449899998915468
GOBLG0001F8,PH083747119,2023-01-01,Y,372.0,33059.644,88.87001075268817,299.0,51.0,22.0,0.0031313219707705,27.82806172125112
GOBLG0001F9,PH083747056,2023-01-01,Y,59.0,6876.8824,116.55732881355932,36.0,14.0,9.0,0.0040661265120468,47.393684486217815
GOBLG0001FA,PH083747051,2023-01-01,Y,65.0,7547.8755,116.12116153846154,37.0,19.0,9.0,0.0046843129686247,54.39478629263813
GOBLG0001FB,PH083747055,2023-01-01,Y,66.0,5814.3737,88.09657121212122,43.0,16.0,7.0,0.0048083495797925,42.35991111689717
GOBLG0001FC,PH083747104,2023-01-01,Y,232.0,21161.306,91.21252586206896,162.0,49.0,21.0,0.0046941254107931,42.81630354317686
GOBLG0001FD,PH083747019,2023-01-01,Y,716.0,45046.3854,62.91394608938548,617.0,69.0,30.0,0.0005019273701964,3.157823150932826
GOBLG0001FE,PH083747100,2023-01-01,Y,767.0,44338.935,57.80825945241199,689.0,52.0,26.0,0.0020189848342867,11.671399913093184
GOBLG0001FF,PH083747139,2023-01-01,Y,237.0,11522.7179,48.61906286919831,213.0,14.0,10.0,0.0063074499460564,30.666230547164165
GOBLG000200,PH083747125,2023-01-01,Y,1859.0,140899.3279,75.79307579343734,1482.0,283.0,94.0,0.0013698218876554,10.382301415457924
GOBLG000201,PH083747079,2023-01-01,Y,626.0,42044.2047,67.16326629392971,537.0,60.0,29.0,0.0028104602740783,18.875969179643263
GOBLG000202,PH083747010,2023-01-01,Y,464.0,101338.3978,218.40171939655173,248.0,85.0,131.0,0.001237424151503,27.025556231108386
GOBLG000203,PH083747127,2023-01-01,Y,3561.0,236181.8385,66.32458256107836,3083.0,355.0,123.0,0.0009912435365507,6.574381377809682
GOBLG000204,PH083747084,2023-01-01,Y,403.0,25058.6954,62.18038560794045,342.0,44.0,17.0,0.0045097811319422,28.04199297915817
GOBLG000205,PH083747053,2023-01-01,Y,117.0,6558.9148000000005,56.05910085470086,100.0,12.0,5.0,0.00636744824301,35.695342324198585
GOBLG000206,PH083747035,2023-01-01,Y,64.0,14772.2265,230.8160390625,29.0,8.0,27.0,0.0029070396633057,67.09913804818164
GOBLG000207,PH083747013,2023-01-01,Y,288.0,23706.7939,82.31525659722223,224.0,39.0,25.0,0.0074776373930113,61.552364074670926
GOBLG000208,PH083747043,2023-01-01,Y,44.0,6101.5482,138.67155,27.0,9.0,8.0,0.0051073837985832,70.82488277944236
GOBLG000209,PH083747046,2023-01-01,Y,95.0,13074.6015,137.62738421052632,46.0,31.0,18.0,0.0038750118049594,53.330773850147295
GOBLG00020A,PH097332035,2023-01-01,Y,442.0,24018.2274,54.33988099547511,397.0,39.0,6.0,3.3198131995754065e-05,0.1803982541921351
GOBLG00020B,PH097332031,2023-01-01,Y,4637.0,385670.1674,83.17234578391201,3359.0,1009.0,269.0,0.0032837740147761,27.31191878331896
GOBLG00020C,PH097332017,2023-01-01,Y,632.0,34699.4909,54.90425775316455,557.0,60.0,15.0,8.31297053126398e-05,0.4564174767429788
GOBLG00020D,PH097332046,2023-01-01,Y,3017.0,171300.4909,56.778419257540605,2692.0,268.0,57.0,0.0006734643824721,3.823824306302638
GOBLG00020E,PH097332019,2023-01-01,Y,9155.0,652271.768,71.24759890770072,7258.0,1502.0,395.0,0.0023743557118312,16.91671434207607
GOBLG00020F,PH097332004,2023-01-01,Y,5188.0,483383.6059,93.1734012914418,3995.0,803.0,390.0,0.0040721333220003,37.941451212299256
GOBLG000210,PH097332052,2023-01-01,Y,1480.0,71792.2462,48.50827445945946,1410.0,53.0,17.0,0.0011767107516989,5.708020810281117
GOBLG000211,PH097332058,2023-01-01,Y,558.0,23154.7806,41.49602258064516,529.0,24.0,5.0,0.0001039074833646,0.4311747275999052
GOBLG000212,PH097332045,2023-01-01,Y,5029.0,273299.3839,54.34467764963214,4412.0,540.0,77.0,0.0013071535588394,7.103683879369731
GOBLG000213,PH097332048,2023-01-01,Y,10155.0,581948.2865,57.30657671097982,8945.0,1004.0,206.0,0.0012896559644068,7.390576845505476
GOBLG000214,PH097332033,2023-01-01,Y,2270.0,145751.8215,64.20785088105727,1917.0,291.0,62.0,0.0001526209914117,0.9799465857883086
GOBLG000215,PH097332016,2023-01-01,Y,6039.0,323206.7396,53.51991051498592,5369.0,561.0,109.0,0.0010407968558628,5.570335459005683
GOBLG000216,PH097332063,2023-01-01,Y,832.0,173850.8119,208.95530276442307,421.0,161.0,250.0,0.0015023433326075,31.392260592112205
GOBLG000217,PH097332026,2023-01-01,Y,6381.0,445300.5044,69.78537915687195,5131.0,988.0,262.0,0.0016206887803787,11.310038103401892
GOBLG000218,PH097332069,2023-01-01,Y,1650.0,73048.4883,44.27181109090909,1561.0,71.0,18.0,8.492624491595546e-05,0.3759838671579458
GOBLG000219,PH097332059,2023-01-01,Y,9256.0,596107.5221,64.4022819900605,7728.0,1187.0,341.0,0.0007547289948429,4.860626955194799
GOBLG00021A,PH097332091,2023-01-01,Y,1213.0,59149.1141,48.76266619950536,1124.0,72.0,17.0,3.294363659677209e-05,0.1606419554766206
GOBLG00021B,PH104305026,2023-01-01,Y,294.0,46660.3383,158.7086336734694,180.0,52.0,62.0,0.0036729688789407,58.29318723018574
GOBLG00021C,PH104305016,2023-01-01,Y,79.0,18797.7589,237.94631518987345,26.0,29.0,24.0,0.0021898889679386,52.10760105959532
GOBLG00021D,PH104305042,2023-01-01,Y,8909.0,575027.2392,64.5445324054327,7527.0,1016.0,366.0,0.0027631036654121,17.834323407176175
GOBLG00021E,PH104305041,2023-01-01,Y,9752.0,798578.3741,81.88867658941756,7322.0,1966.0,464.0,0.0008638034454368,7.073572098020387
GOBLG00021F,PH104305072,2023-01-01,Y,792.0,39618.4417,50.02328497474748,723.0,53.0,16.0,2.770672595870659e-05,0.1385981448349613
GOBLG000220,PH104305048,2023-01-01,Y,995.0,42173.0401,42.38496492462311,936.0,52.0,7.0,6.249293547848375e-05,0.2648760878292269
GOBLG000221,PH104305014,2023-01-01,Y,305.0,21254.2154,69.68595213114754,248.0,44.0,13.0,0.006412351109018,44.68507924311447
GOBLG000222,PH104305046,2023-01-01,Y,6892.0,622880.2814,90.37728981427742,5792.0,806.0,294.0,0.0004289819355367,3.877022471309402
GOBLG000223,PH104305045,2023-01-01,Y,1878.0,148237.7976,78.93386453674121,1527.0,273.0,78.0,0.0036970393771366,29.18216053819001
GOBLG000224,PH104305050,2023-01-01,Y,9870.0,561965.2867,56.93670584599798,8611.0,1044.0,215.0,0.0005216171438656,2.969916188450964
GOBLG000225,PH104305028,2023-01-01,Y,78.0,15683.274,201.06761538461532,43.0,11.0,24.0,0.0025761813001369,51.79866308169778
GOBLG000226,PH104305015,2023-01-01,Y,95.0,12521.5267,131.8055442105263,50.0,30.0,15.0,0.0037929398793224,49.99305049518995
GOBLG000227,PH112402005,2023-01-01,Y,11474.0,778333.5232,67.83454097960607,9598.0,1667.0,209.0,0.001731573574774,11.746049861721284
GOBLG000228,PH112402180,2023-01-01,Y,1663.0,103235.3747,62.0777959711365,1395.0,207.0,61.0,8.2244198360145e-05,0.510553856561076
GOBLG000229,PH112402007,2023-01-01,Y,2765.0,180749.3453,65.37046846292947,2374.0,310.0,81.0,0.0003216181406244,2.102432851879432
GOBLG00022A,PH112402104,2023-01-01,Y,5229.0,475320.4561,90.90083306559572,4269.0,653.0,307.0,0.0005755987890897,5.232240943980996
GOBLG00022B,PH112402112,2023-01-01,Y,2679.0,148375.0767,55.38450044792833,2350.0,285.0,44.0,0.00037673160965,2.086509200341154
GOBLG00022C,PH112402182,2023-01-01,Y,1900.0,187032.1232,98.43795957894736,1504.0,281.0,115.0,0.0060054981679878,59.11689859118338
GOBLG00022D,PH112402113,2023-01-01,Y,861.0,48485.2221,56.31268536585366,791.0,56.0,14.0,0.0001522314793861,0.8572563401448106
GOBLG00022E,PH112402027,2023-01-01,Y,2143.0,119342.0975,55.689266215585626,1912.0,183.0,48.0,0.0001514915268992,0.8436451970897962
GOBLG00022F,PH112402155,2023-01-01,Y,1169.0,61657.7615,52.74402181351583,1069.0,91.0,9.0,0.0119065512663834,62.79993997178708
GOBLG000230,PH112402147,2023-01-01,Y,483.0,94677.2714,196.01919544513456,270.0,101.0,112.0,0.0026994061713403,52.913542588577386
GOBLG000231,PH112402187,2023-01-01,Y,1855.0,111178.2762,59.93438070080863,1642.0,173.0,40.0,0.0094980057398384,56.92570919099431
GOBLG000232,PH112402177,2023-01-01,Y,696.0,31031.7381,44.58583060344827,640.0,51.0,5.0,3.604500199299862e-05,0.1607096352960792
GOBLG000233,PH112402152,2023-01-01,Y,9823.0,924687.7705,94.13496594726662,6998.0,2021.0,804.0,0.003199430284235,30.11782608571165
GOBLG000234,PH112402128,2023-01-01,Y,1734.0,85783.5157,49.471462341407154,1576.0,139.0,19.0,9.991095954213078e-05,0.4942741272482376
GOBLG000235,PH112402131,2023-01-01,Y,3719.0,251438.3762,67.60913584296854,3194.0,404.0,121.0,0.0002966546860157,2.0056566965292366
GOBLG000236,PH112402134,2023-01-01,Y,598.0,57489.5076,96.13630033444817,436.0,107.0,55.0,0.0038853132576399,37.35196422298907
GOBLG000237,PH112402037,2023-01-01,Y,3426.0,289066.1574,84.37424325744308,2847.0,452.0,127.0,0.0002607226557198,2.199827677643482
GOBLG000238,PH112402056,2023-01-01,Y,5157.0,452736.1249,87.79060013573783,4311.0,616.0,230.0,0.0007301951601214,6.410427132327221
GOBLG000239,PH112402078,2023-01-01,Y,1922.0,125127.9857,65.10301024973985,1712.0,154.0,56.0,0.0001765772741295,1.1495712087524292
GOBLG00023A,PH112402071,2023-01-01,Y,1872.0,66621.2397,35.58826907051282,1799.0,57.0,16.0,2.533485557142496e-05,0.0901623656938452
GOBLG00023B,PH112402194,2023-01-01,Y,731.0,56954.2556,77.91279835841313,550.0,152.0,29.0,0.0079656990618794,62.06299047920131
GOBLG00023C,PH112402136,2023-01-01,Y,455.0,111752.8187,245.61059054945056,168.0,122.0,165.0,0.0022451396318473,55.14300708440035
GOBLG00023D,PH112402146,2023-01-01,Y,222.0,57400.837,258.5623288288288,119.0,36.0,67.0,0.0017028550471461,44.02941666480277
GOBLG00023E,PH112402083,2023-01-01,Y,1610.0,93643.5043,58.16366726708075,1449.0,123.0,38.0,0.0001816504753812,1.0565457808983192
GOBLG00023F,PH112402034,2023-01-01,Y,1767.0,75117.4999,42.511318562535365,1658.0,88.0,21.0,1.6494730565143007e-05,0.0701212745657983
GOBLG000240,PH112402195,2023-01-01,Y,2232.0,128321.5368,57.49172795698925,1937.0,237.0,58.0,0.000395751814016,2.275245562989652
GOBLG000241,PH112402118,2023-01-01,Y,2586.0,168545.6728,65.17620757927301,2269.0,257.0,60.0,0.0001309155206181,0.8532577147157352
GOBLG000242,PH112402158,2023-01-01,Y,291.0,26489.3513,91.02869862542954,183.0,89.0,19.0,0.0055530197575936,50.54841619750498
GOBLG000243,PH137401006,2023-01-01,Y,1360.0,96591.5542,71.02320161764706,1074.0,231.0,55.0,0.0076406180342465,54.266115512972256
GOBLG000244,PH137401002,2023-01-01,Y,545.0,71472.9231,131.1429781651376,358.0,105.0,82.0,0.0039148490421486,51.34049624543104
GOBLG000245,PH137401010,2023-01-01,Y,1302.0,90709.2312,69.66914838709677,1061.0,183.0,58.0,0.0075283875065487,52.449634630930845
GOBLG000246,PH137401025,2023-01-01,Y,921.0,72877.4118,79.1285687296417,747.0,118.0,56.0,0.0103754412315812,82.0993814593534
GOBLG000247,PH137503005,2023-01-01,Y,2770.0,163444.9437,59.005394837545126,2389.0,277.0,104.0,0.0087023744278502,51.34870391394586
GOBLG000248,PH137503004,2023-01-01,Y,1262.0,123836.7238,98.12735641838351,1088.0,99.0,75.0,0.0052756828198215,51.76888084109728
GOBLG000249,PH137503013,2023-01-01,Y,5578.0,197425.5508,35.393608963786306,5376.0,158.0,44.0,0.0145951307902516,51.65743519654826
GOBLG00024A,PH137603003,2023-01-01,Y,2002.0,238161.0105,118.96154370629372,1693.0,185.0,124.0,0.0030353419116954,36.10889594917031
GOBLG00024B,PH137603005,2023-01-01,Y,19571.0,1311246.0828,66.99944217464616,15953.0,3000.0,618.0,0.0029850376430392,19.99958569539481
GOBLG00024C,PH137603008,2023-01-01,Y,15799.0,1546299.174,97.8732308373948,11170.0,3556.0,1073.0,0.0018630660389152,18.234429249206222
GOBLG00024D,PH015518030,2023-01-01,Y,948.0,63538.431,67.02366139240507,799.0,110.0,39.0,0.0006204700302848,4.158617321394989
GOBLG00024E,PH015518020,2023-01-01,Y,1914.0,108024.2286,56.43899090909091,1660.0,211.0,43.0,0.001508615957838,8.51447623297305
GOBLG00024F,PH015518019,2023-01-01,Y,725.0,30153.5337,41.59108096551724,681.0,38.0,6.0,0.0003688953861177,1.5342757871829225
GOBLG000250,PH015518027,2023-01-01,Y,2085.0,90412.0632,43.36309985611511,1932.0,133.0,20.0,0.0018316277470188,7.942505689321162
GOBLG000251,PH015518008,2023-01-01,Y,6909.0,444448.0662,64.32885601389492,5629.0,1064.0,216.0,0.0013291321816734,8.550155273830725
GOBLG000252,PH015518029,2023-01-01,Y,617.0,31493.0124,51.04215948136142,560.0,51.0,6.0,0.0006453720403504,3.294118260837908
GOBLG000253,PH034919007,2023-01-01,Y,406.0,29373.5897,72.34874310344827,353.0,36.0,17.0,6.251687701218165e-05,0.45230174745842
GOBLG000254,PH034919005,2023-01-01,Y,546.0,68976.8153,126.33116355311356,427.0,89.0,30.0,6.431225450118254e-05,0.8124641941858355
GOBLG000255,PH034919022,2023-01-01,Y,394.0,24640.5642,62.53950304568528,330.0,57.0,7.0,0.0001009091561304,0.6310808477156313
GOBLG000256,PH050506032,2023-01-01,Y,942.0,61794.7743,65.59954808917198,825.0,73.0,44.0,0.0060447048009484,39.65299032746682
GOBLG000257,PH050506058,2023-01-01,Y,706.0,29572.5991,41.88753413597733,678.0,24.0,4.0,0.0002139412588182,0.8961471781843642
GOBLG000258,PH050506067,2023-01-01,Y,1714.0,90005.5979,52.51201744457409,1583.0,101.0,30.0,0.006910130137119,36.28648743046752
GOBLG000259,PH050506005,2023-01-01,Y,1666.0,166489.2057,99.93349681872748,1285.0,248.0,133.0,0.0038716958848592,38.69121083926655
GOBLG00025A,PH050506024,2023-01-01,Y,487.0,25706.9303,52.7863045174538,459.0,18.0,10.0,0.0067365977002502,35.5600097616988
GOBLG00025B,PH050506041,2023-01-01,Y,312.0,27312.7373,87.54082467948719,238.0,51.0,23.0,0.0044231951514927,38.72101512799875
GOBLG00025C,PH050506052,2023-01-01,Y,883.0,45181.5273,51.16820758776897,807.0,62.0,14.0,0.0038649261036143,19.776134118112694
GOBLG00025D,PH050506028,2023-01-01,Y,264.0,54593.9167,206.7951390151516,184.0,31.0,49.0,0.0023508414663995,48.614258784667335
GOBLG00025E,PH050506064,2023-01-01,Y,4636.0,392315.6697,84.62374238567732,3668.0,685.0,283.0,0.0029481667520162,24.94849037326432
GOBLG00025F,PH050506057,2023-01-01,Y,1130.0,51673.5646,45.72881823008849,1053.0,71.0,6.0,0.0001972808669968,0.9021420907173406
GOBLG000260,PH050506013,2023-01-01,Y,1047.0,80013.6209,76.4217964660936,874.0,125.0,48.0,0.003330372870386,25.451307765684128
GOBLG000261,PH063022008,2023-01-01,Y,381.0,49010.2522,128.63583254593178,245.0,69.0,67.0,0.0039009332970743,50.1799802375302
GOBLG000262,PH063022078,2023-01-01,Y,184.0,10962.888,59.58091304347827,163.0,17.0,4.0,0.0053243315404532,31.72285345263933
GOBLG000263,PH063022193,2023-01-01,Y,76.0,15986.0728,210.3430631578948,33.0,15.0,28.0,0.0020326893218101,42.75620983978865
GOBLG000264,PH063022006,2023-01-01,Y,450.0,50377.3761,111.94972466666668,274.0,117.0,59.0,0.0036728905288624,41.11790834369577
GOBLG000265,PH063022016,2023-01-01,Y,906.0,72834.7786,80.39158785871965,677.0,171.0,58.0,0.0016101625179344,12.9443521527346
GOBLG000266,PH063022026,2023-01-01,Y,1958.0,123041.5865,62.84044254341165,1687.0,213.0,58.0,0.0012936989468262,8.129661433650668
GOBLG000267,PH063022028,2023-01-01,Y,170.0,23615.6351,138.9155005882353,101.0,35.0,34.0,0.0034702941665145,48.20776513298054
GOBLG000268,PH063022140,2023-01-01,Y,58.0,22236.5759,383.3892396551724,12.0,17.0,29.0,0.0015146411938125,58.06971356461904
GOBLG000269,PH063022113,2023-01-01,Y,179.0,26736.4695,149.36575139664805,125.0,23.0,31.0,0.002046774116458,30.57179538439689
GOBLG00026A,PH063022191,2023-01-01,Y,382.0,23721.5376,62.09826596858639,326.0,51.0,5.0,0.0057214247054388,35.52905530775826
GOBLG00026B,PH063022047,2023-01-01,Y,1526.0,98919.6999,64.82287018348624,1241.0,244.0,41.0,0.0060314533645206,39.09761184660751
GOBLG00026C,PH063022136,2023-01-01,Y,148.0,9462.5923,63.93643445945946,131.0,9.0,8.0,0.0104862882657228,67.04558824243882
GOBLG00026D,PH063022096,2023-01-01,Y,1128.0,102499.2765,90.86815292553192,750.0,283.0,95.0,0.0049289689927931,44.788630820232974
GOBLG00026E,PH063022089,2023-01-01,Y,157.0,34245.149900000004,218.1219738853504,121.0,15.0,21.0,0.0013417808852907,29.267189522124863
GOBLG00026F,PH063022100,2023-01-01,Y,313.0,31773.3124,101.51218019169328,227.0,49.0,37.0,0.0070750524421241,71.82039983705877
GOBLG000270,PH063022090,2023-01-01,Y,175.0,36028.9142,205.8795097142857,76.0,38.0,61.0,0.0035718366406023,73.53679763467365
GOBLG000271,PH063022003,2023-01-01,Y,470.0,37074.0798,78.88102085106382,391.0,57.0,22.0,0.0072006737884184,56.79964992459444
GOBLG000272,PH063022195,2023-01-01,Y,672.0,74461.8337,110.80630014880953,488.0,109.0,75.0,0.0043600373163471,48.3119603535171
GOBLG000273,PH063022104,2023-01-01,Y,310.0,20039.9607,64.64503451612903,253.0,49.0,8.0,0.0126135240952044,81.54017005045166
GOBLG000274,PH063022051,2023-01-01,Y,1268.0,99425.9107,78.41160149842271,991.0,208.0,69.0,0.002382612030109,18.682442503025847
GOBLG000275,PH063022065,2023-01-01,Y,730.0,56191.6437,76.97485438356165,591.0,82.0,57.0,0.0055832849794141,42.97725482723308
GOBLG000276,PH063022128,2023-01-01,Y,869.0,66365.8206,76.3703344073648,636.0,177.0,56.0,0.0043523741389064,33.23922684542495
GOBLG000277,PH063022076,2023-01-01,Y,221.0,28068.9524,127.00883438914026,104.0,67.0,50.0,0.0075125863583189,95.41648366178477
GOBLG000278,PH063022056,2023-01-01,Y,361.0,36261.8788,100.44841772853184,233.0,84.0,44.0,0.0063718179393583,64.00390300628167
GOBLG000279,PH063022019,2023-01-01,Y,2191.0,152864.283,69.76918439068918,1785.0,297.0,109.0,0.0013630224008246,9.509696121177637
GOBLG00027A,PH063022129,2023-01-01,Y,342.0,35642.409400000004,104.21757134502926,276.0,47.0,19.0,0.0051723436068991,53.904908887301296
GOBLG00027B,PH063022173,2023-01-01,Y,655.0,38364.0792,58.571113282442745,579.0,49.0,27.0,0.002453115742193,14.368172003093212
GOBLG00027C,PH063022087,2023-01-01,Y,1056.0,85709.4168,81.16422045454546,926.0,79.0,51.0,0.0030580243000588,24.82021584453312
GOBLG00027D,PH063022101,2023-01-01,Y,537.0,73775.2867,137.38414655493483,334.0,147.0,56.0,0.005131543866696,70.4992774635248
GOBLG00027E,PH063022086,2023-01-01,Y,2278.0,102747.6636,45.10432993854258,2125.0,110.0,43.0,0.000928231152434,4.186724415861949
GOBLG00027F,PH063022050,2023-01-01,Y,474.0,57698.6774,121.72716751054853,317.0,100.0,57.0,0.0022423103569873,27.29500884356317
GOBLG000280,PH072230018,2023-01-01,Y,1198.0,68878.6294,57.49468230383974,1066.0,83.0,49.0,0.0089666681597789,51.55357371704432
GOBLG000281,PH072230012,2023-01-01,Y,2212.0,164612.7326,74.41805271247739,1788.0,286.0,138.0,0.0056267261613189,41.87300040717077
GOBLG000282,PH072230007,2023-01-01,Y,6491.0,603736.1842,93.01127471884148,5468.0,710.0,313.0,0.0034409461901295,32.0046791382888
GOBLG000283,PH072230004,2023-01-01,Y,3405.0,227930.1759,66.93984607929515,2896.0,390.0,119.0,0.0047985953054887,32.12172311462444
GOBLG000284,PH072230021,2023-01-01,Y,5942.0,487662.5783,82.07044400875127,4923.0,733.0,286.0,0.00414373685902,34.00783238752006
GOBLG000285,PH072230019,2023-01-01,Y,3367.0,378089.9203,112.29281862191864,2883.0,315.0,169.0,0.0033049726055555,37.11246893460626
GOBLG000286,PH072230005,2023-01-01,Y,6861.0,682412.9425,99.46260639848418,5165.0,983.0,713.0,0.0034723034444919,34.53643507956017
GOBLG000287,PH083747105,2023-01-01,Y,3343.0,229444.5631,68.63432937481303,2669.0,512.0,162.0,0.0016591058592753,11.387161801318866
GOBLG000288,PH083747008,2023-01-01,Y,913.0,40910.6059,44.808987842278206,847.0,62.0,4.0,0.0032671548997546,14.639790418194648
GOBLG000289,PH083747078,2023-01-01,Y,60.0,9651.9296,160.86549333333332,36.0,11.0,13.0,0.0053212745881729,85.60094617885743
GOBLG00028A,PH083747135,2023-01-01,Y,3140.0,277434.1238,88.35481649681529,2049.0,899.0,192.0,0.0036667879853382,32.397837957729216
GOBLG00028B,PH083747147,2023-01-01,Y,218.0,21624.2217,99.19367752293576,145.0,45.0,28.0,0.0035317989754767,35.03321286492734
GOBLG00028C,PH083747061,2023-01-01,Y,640.0,20311.689,31.7370140625,632.0,5.0,3.0,0.0007564738681967,2.400822179287271
GOBLG00028D,PH083747026,2023-01-01,Y,581.0,39221.4903,67.50686798623063,473.0,83.0,25.0,6.13717786555718e-05,0.4143016559781853
GOBLG00028E,PH083747121,2023-01-01,Y,1987.0,142975.3069,71.9553633115249,1661.0,225.0,101.0,0.0008197458044887,5.898510718508282
GOBLG00028F,PH083747086,2023-01-01,Y,212.0,15944.0037,75.20756462264151,157.0,41.0,14.0,0.0103252159866611,77.6534348559548
GOBLG000290,PH083747106,2023-01-01,Y,331.0,32853.19,99.2543504531722,255.0,52.0,24.0,0.0022232775146446,22.066996559319527
GOBLG000291,PH083747052,2023-01-01,Y,65.0,5228.6712,80.44109538461538,46.0,14.0,5.0,0.0055602189717813,44.72701046684136
GOBLG000292,PH083747146,2023-01-01,Y,1149.0,74163.3587,64.54600409051349,932.0,172.0,45.0,0.0056570412940824,36.51394105080474
GOBLG000293,PH083747092,2023-01-01,Y,606.0,36299.2483,59.899749669966994,529.0,49.0,28.0,0.0059060084151486,35.37684256161224
GOBLG000294,PH083747102,2023-01-01,Y,1603.0,150723.7448,94.02604167186526,1198.0,285.0,120.0,0.0021592321831953,20.30240552363585
GOBLG000295,PH083747108,2023-01-01,Y,1150.0,148752.2283,129.34976373913042,729.0,264.0,157.0,0.0022925016752112,29.65345500601372
GOBLG000296,PH083747155,2023-01-01,Y,906.0,58118.9654,64.14896843267108,806.0,62.0,38.0,0.0005653428659304,3.626616166020839
GOBLG000297,PH083747093,2023-01-01,Y,852.0,56465.2361,66.27375129107982,701.0,99.0,52.0,0.0045735645762054,30.310728123713137
GOBLG000298,PH083747101,2023-01-01,Y,89.0,2904.2887,32.632457303370785,89.0,0.0,0.0,0.0053683280196461,17.51817348915905
GOBLG000299,PH083747103,2023-01-01,Y,349.0,31074.3403,89.03822435530085,226.0,84.0,39.0,0.0031206323072932,27.78555595071805
GOBLG00029A,PH097332072,2023-01-01,Y,10522.0,678230.7223,64.45834654058164,8755.0,1427.0,340.0,0.0013941245305056,8.98629621080612
GOBLG00029B,PH097332074,2023-01-01,Y,1670.0,118993.7108,71.25371904191617,1424.0,182.0,64.0,0.0005355124278905,3.815725208036787
GOBLG00029C,PH097332041,2023-01-01,Y,904.0,53116.9562,58.75769491150442,807.0,78.0,19.0,5.9656222402241086e-05,0.3505262115483737
GOBLG00029D,PH097332104,2023-01-01,Y,5003.0,287310.9477,57.42773290025985,4447.0,458.0,98.0,0.0010918321942814,6.2701447625100455
GOBLG00029E,PH097332068,2023-01-01,Y,1386.0,102695.7151,74.09503253968253,1171.0,153.0,62.0,0.0038647349994331,28.63576655402517
GOBLG00029F,PH097332005,2023-01-01,Y,1446.0,59549.1042,41.1819531120332,1368.0,62.0,16.0,4.284966328537463e-05,0.1764632824284708
GOBLG0002A0,PH097332079,2023-01-01,Y,755.0,53893.9088,71.38266066225165,654.0,73.0,28.0,5.465489806353504e-05,0.3901412041999276
GOBLG0002A1,PH097332024,2023-01-01,Y,3315.0,188723.6975,56.93022549019608,2907.0,321.0,87.0,5.938069576688133e-05,0.3380556399773285
GOBLG0002A2,PH097332025,2023-01-01,Y,580.0,33455.0866,57.68118379310345,500.0,69.0,11.0,4.72766457695698e-05,0.2726972893756002
GOBLG0002A3,PH097332075,2023-01-01,Y,3887.0,286321.9957,73.66143444816055,3252.0,466.0,169.0,0.0056505105280545,41.62247108609293
GOBLG0002A4,PH097332102,2023-01-01,Y,2978.0,202655.9035,68.05100856279381,2515.0,332.0,131.0,0.0009810881853277,6.676404050059248
GOBLG0002A5,PH097332040,2023-01-01,Y,858.0,46042.9357,53.663095221445225,778.0,66.0,14.0,2.193528247870804e-05,0.1177115152364208
GOBLG0002A6,PH097332054,2023-01-01,Y,856.0,42651.8182,49.82689042056075,778.0,67.0,11.0,4.736514694110962e-05,0.2360057986388427
GOBLG0002A7,PH097332077,2023-01-01,Y,1215.0,100208.3051,82.47597127572017,917.0,213.0,85.0,0.0047894783153359,39.50168759613343
GOBLG0002A8,PH097332042,2023-01-01,Y,863.0,48073.9754,55.7056493626883,758.0,92.0,13.0,6.842353973473292e-05,0.3811577712617002
GOBLG0002A9,PH097332094,2023-01-01,Y,10008.0,687518.5225,68.69689473421262,7959.0,1669.0,380.0,0.0034058224113069,23.396942367297303
GOBLG0002AA,PH097332036,2023-01-01,Y,463.0,25083.1714,54.1753161987041,415.0,41.0,7.0,2.8849666335355075e-05,0.156293979594497
GOBLG0002AB,PH097332066,2023-01-01,Y,1177.0,68747.2487,58.40887740016992,1021.0,125.0,31.0,8.169110313090865e-05,0.477148562745788
GOBLG0002AC,PH104305080,2023-01-01,Y,178.0,23660.2953,132.9230073033708,124.0,21.0,33.0,0.0031044684241476,41.26552790160641
GOBLG0002AD,PH104305019,2023-01-01,Y,352.0,52490.9831,149.12211107954545,230.0,69.0,53.0,0.004342707586032,64.75937230302557
GOBLG0002AE,PH104305049,2023-01-01,Y,8722.0,741541.9356,85.01971286402201,6747.0,1222.0,753.0,0.0019035059921105,16.18355328841829
GOBLG0002AF,PH104305008,2023-01-01,Y,70.0,11548.1772,164.97396,39.0,14.0,17.0,0.002878148492333,47.48195542482175
GOBLG0002B0,PH104305027,2023-01-01,Y,63.0,31897.9005,506.31588095238095,17.0,11.0,35.0,0.0010924459977126,55.31227577247937
GOBLG0002B1,PH104305030,2023-01-01,Y,26.0,17989.492000000002,691.9035384615386,8.0,4.0,14.0,0.0011049176898568,76.44964593206758
GOBLG0002B2,PH104305021,2023-01-01,Y,350.0,54462.6393,155.60754085714285,261.0,46.0,43.0,0.0037440218243987,58.259802901016045
GOBLG0002B3,PH104305018,2023-01-01,Y,787.0,80991.5356,102.91173519695045,617.0,102.0,68.0,0.0043957151301371,45.237067147390206
GOBLG0002B4,PH104305044,2023-01-01,Y,22984.0,1763929.2276,76.74596360946747,18307.0,3609.0,1068.0,0.0029041864038392,22.28845840641548
GOBLG0002B5,PH104305013,2023-01-01,Y,363.0,22841.5855,62.92447796143251,307.0,41.0,15.0,0.0037876785828177,23.833769750950378
GOBLG0002B6,PH112402188,2023-01-01,Y,1815.0,80032.1609,44.09485449035813,1690.0,103.0,22.0,4.35322115024709e-05,0.1919546531844948
GOBLG0002B7,PH112402191,2023-01-01,Y,1215.0,54442.002,44.80823209876543,1144.0,60.0,11.0,5.5088386266892514e-05,0.2468413197793362
GOBLG0002B8,PH112402065,2023-01-01,Y,5716.0,256598.7295,44.89131026941917,5320.0,323.0,73.0,6.57853900562704e-05,0.2953192356210797
GOBLG0002B9,PH112402183,2023-01-01,Y,952.0,32052.113,33.66818592436975,918.0,33.0,1.0,1.6981070870263172e-05,0.0571721851254919
GOBLG0002BA,PH112402026,2023-01-01,Y,11117.0,827349.7973,74.42203807681928,8827.0,1757.0,533.0,0.0012226289834637,9.09905407611608
GOBLG0002BB,PH112402062,2023-01-01,Y,860.0,37149.5997,43.19720895348837,798.0,51.0,11.0,6.840218370109112e-05,0.2954783422210929
GOBLG0002BC,PH112402031,2023-01-01,Y,12462.0,895312.4992,71.84340388380677,10418.0,1697.0,347.0,0.0021371194684663,15.35379371209739
GOBLG0002BD,PH112402017,2023-01-01,Y,2467.0,151683.5378,61.48501734900689,2154.0,265.0,48.0,0.0004227414081055,2.599226281151539
GOBLG0002BE,PH112402157,2023-01-01,Y,480.0,39427.8787,82.14141395833333,350.0,107.0,23.0,0.0059804498817833,49.1242609396628
GOBLG0002BF,PH112402161,2023-01-01,Y,543.0,75106.4857,138.3176532228361,304.0,145.0,94.0,0.0035420996716087,48.99349140583024
GOBLG0002C0,PH112402121,2023-01-01,Y,1297.0,40177.5492,30.9772931380108,1260.0,29.0,8.0,1.101787585833871e-05,0.034130397022197
GOBLG0002C1,PH112402061,2023-01-01,Y,21188.0,2000514.6709,94.41734335000945,15293.0,4217.0,1678.0,0.0019412689348836,18.328945555962044
GOBLG0002C2,PH112402054,2023-01-01,Y,839.0,39469.5451,47.04355792610251,775.0,56.0,8.0,8.912228728598914e-05,0.4192629484445179
GOBLG0002C3,PH112402082,2023-01-01,Y,1383.0,55368.1181,40.03479255242227,1315.0,54.0,14.0,0.0001236309306675,0.4949538662339287
GOBLG0002C4,PH112402125,2023-01-01,Y,10542.0,736829.5954,69.89466850692469,8706.0,1581.0,255.0,0.0013471997679241,9.416208119166598
GOBLG0002C5,PH112402020,2023-01-01,Y,21016.0,1624710.6113,77.3082704272935,16808.0,3096.0,1112.0,0.0046051555401588,35.60166098583501
GOBLG0002C6,PH112402156,2023-01-01,Y,2487.0,110519.6367,44.43893715319663,2349.0,122.0,16.0,0.012423833127646,55.21019395612667
GOBLG0002C7,PH112402059,2023-01-01,Y,5132.0,353376.837,68.85752864380359,4351.0,603.0,178.0,0.0022909363554834,15.774821571883448
GOBLG0002C8,PH112402175,2023-01-01,Y,1247.0,66653.4382,53.45103303929431,1087.0,129.0,31.0,6.489882164365797e-05,0.346890905988643
GOBLG0002C9,PH112402044,2023-01-01,Y,1889.0,123912.9739,65.59712752779248,1554.0,234.0,101.0,0.0002328866785512,1.5276697152449186
GOBLG0002CA,PH112402052,2023-01-01,Y,3041.0,200466.3895,65.92120667543571,2612.0,342.0,87.0,0.0003012622177239,1.985956891808048
GOBLG0002CB,PH112402168,2023-01-01,Y,190.0,38519.0427,202.7318036842105,78.0,50.0,62.0,0.0025320069392925,51.33183337437165
GOBLG0002CC,PH112402029,2023-01-01,Y,811.0,64127.6704,79.07234327990136,708.0,72.0,31.0,0.0001024023968803,0.8097197478806624
GOBLG0002CD,PH112402021,2023-01-01,Y,20413.0,1853185.3361,90.78456552687013,14614.0,4253.0,1546.0,0.0036828630342869,33.43471204627072
GOBLG0002CE,PH112402171,2023-01-01,Y,380.0,49776.3116,130.99029368421054,245.0,78.0,57.0,0.0032103933083,42.05303622960413
GOBLG0002CF,PH112402101,2023-01-01,Y,15621.0,1929816.5337,123.539884367198,10639.0,3597.0,1385.0,0.002085214289409,25.760713219442643
GOBLG0002D0,PH112402003,2023-01-01,Y,1636.0,133360.5476,81.5162271393643,1366.0,186.0,84.0,0.0005010492313537,4.084364295103863
GOBLG0002D1,PH112402123,2023-01-01,Y,1314.0,114025.0908,86.77708584474887,1156.0,102.0,56.0,0.0001623873592248,1.4091501811554048
GOBLG0002D2,PH137401014,2023-01-01,Y,2489.0,183157.5267,73.5867925672961,2181.0,236.0,72.0,0.0066563774699959,48.98214681342152
GOBLG0002D3,PH137401007,2023-01-01,Y,257.0,12649.8629,49.221256420233466,237.0,16.0,4.0,0.0125618330859234,61.8309207430413
GOBLG0002D4,PH137401020,2023-01-01,Y,807.0,92942.8014,115.17075762081784,571.0,165.0,71.0,0.0032802742321613,37.779166852206735
GOBLG0002D5,PH137401015,2023-01-01,Y,1083.0,94068.4836,86.85917229916897,775.0,234.0,74.0,0.0054263535446758,47.13285774932045
GOBLG0002D6,PH137401024,2023-01-01,Y,1971.0,123954.3242,62.88905337392187,1675.0,229.0,67.0,0.0087213810757114,54.84793999647318
GOBLG0002D7,PH137503003,2023-01-01,Y,606.0,25644.2415,42.3172301980198,571.0,26.0,9.0,0.0084593462685101,35.79761033693033
GOBLG0002D8,PH137503006,2023-01-01,Y,468.0,28820.5006,61.58226623931624,387.0,66.0,15.0,0.0070734589960763,43.55996351292617
GOBLG0002D9,PH137503009,2023-01-01,Y,9259.0,674003.0045,72.79436272815639,8327.0,612.0,320.0,0.0056028688861218,40.78572700146565
GOBLG0002DA,PH015518014,2023-01-01,Y,309.0,22024.382,71.27631715210356,242.0,52.0,15.0,0.001182306577947,8.427045862077392
GOBLG0002DB,PH015518013,2023-01-01,Y,721.0,71259.3296,98.8340216366158,508.0,145.0,68.0,0.0030384877921757,30.030596819448675
GOBLG0002DC,PH015518015,2023-01-01,Y,1037.0,66811.4834,64.4276599807136,852.0,143.0,42.0,0.0026449567801035,17.040837609219135
GOBLG0002DD,PH015518002,2023-01-01,Y,1409.0,82536.973,58.578405251951736,1202.0,171.0,36.0,0.0024182190453635,14.165541522729232
GOBLG0002DE,PH015518021,2023-01-01,Y,3134.0,261826.951,83.54401754945756,2616.0,354.0,164.0,0.002434250316509,20.33670511622006
GOBLG0002DF,PH015518001,2023-01-01,Y,1315.0,80981.0954,61.582582053231945,1125.0,158.0,32.0,0.0020075368833961,12.36293048466343
GOBLG0002E0,PH015518018,2023-01-01,Y,3559.0,249925.2646,70.2234516999157,2907.0,543.0,109.0,0.0031310188377128,21.98709501216512
GOBLG0002E1,PH015518017,2023-01-01,Y,5068.0,471686.7439,93.0715753551697,3864.0,846.0,358.0,0.0013642079668957,12.696898459106418
GOBLG0002E2,PH034919012,2023-01-01,Y,1217.0,147781.6738,121.43112062448644,975.0,132.0,110.0,0.0002101557804062,2.551945192043964
GOBLG0002E3,PH034919008,2023-01-01,Y,1718.0,108048.1163,62.891802270081484,1470.0,203.0,45.0,0.0003505686102893,2.204789172041693
GOBLG0002E4,PH050506060,2023-01-01,Y,1664.0,77507.1468,46.57881418269231,1572.0,78.0,14.0,0.0002615974024952,1.218489680150221
GOBLG0002E5,PH050506008,2023-01-01,Y,658.0,36509.3776,55.48537629179332,582.0,64.0,12.0,0.0054574970826122,30.28112792401044
GOBLG0002E6,PH050506070,2023-01-01,Y,5868.0,302362.628,51.52737355146558,5362.0,427.0,79.0,0.0006256410525573,3.223764022425505
GOBLG0002E7,PH050506040,2023-01-01,Y,502.0,33653.7354,67.03931354581673,425.0,51.0,26.0,0.0013379920825616,8.96980707446681
GOBLG0002E8,PH050506047,2023-01-01,Y,1484.0,67017.2667,45.15988322102425,1386.0,85.0,13.0,0.0003718483308815,1.67926271985446
GOBLG0002E9,PH050506063,2023-01-01,Y,1905.0,93997.6197,49.34258251968504,1778.0,110.0,17.0,0.0008093544091148,3.993563671942182
GOBLG0002EA,PH050506029,2023-01-01,Y,372.0,20052.3198,53.90408548387097,332.0,23.0,17.0,0.0093679998469136,50.49734645609237
GOBLG0002EB,PH050506034,2023-01-01,Y,162.0,13577.4084,83.81116296296297,125.0,22.0,15.0,0.0059348638201565,49.74078387941372
GOBLG0002EC,PH050506074,2023-01-01,Y,1505.0,82797.2941,55.01481335548173,1344.0,129.0,32.0,0.0020318230097441,11.17803636524481
GOBLG0002ED,PH050506054,2023-01-01,Y,2124.0,96597.2802,45.47894548022599,2001.0,113.0,10.0,0.0004572909054739,2.0797108158653392
GOBLG0002EE,PH063022200,2023-01-01,Y,80.0,14724.5469,184.05683625,41.0,18.0,21.0,0.0026269816058198,48.35139232541403
GOBLG0002EF,PH063022135,2023-01-01,Y,2464.0,217889.7886,88.42929732142858,1845.0,434.0,185.0,0.0030156905775501,26.66753987116128
GOBLG0002F0,PH063022017,2023-01-01,Y,636.0,69791.9922,109.73583679245282,516.0,75.0,45.0,0.0024978173928363,27.41000817576395
GOBLG0002F1,PH063022120,2023-01-01,Y,2209.0,149055.7066,67.47655346310547,1813.0,300.0,96.0,0.0043644540936763,29.44983199892193
GOBLG0002F2,PH063022007,2023-01-01,Y,78.0,27910.4192,357.8258871794872,21.0,8.0,49.0,0.0010082692402618,36.07848354124841
GOBLG0002F3,PH063022192,2023-01-01,Y,686.0,53916.4209,78.59536574344023,584.0,62.0,40.0,0.0065135589824194,51.193555051472416
GOBLG0002F4,PH063022049,2023-01-01,Y,1753.0,124354.7747,70.93826280661722,1321.0,371.0,61.0,0.0018392922817456,13.047619926065863
GOBLG0002F5,PH063022031,2023-01-01,Y,2397.0,98752.4625,41.19835732165206,2288.0,85.0,24.0,0.0073578285530943,30.31304498418368
GOBLG0002F6,PH063022107,2023-01-01,Y,282.0,49773.6792,176.5024085106383,185.0,34.0,63.0,0.004722246361353,83.34878563594167
GOBLG0002F7,PH063022044,2023-01-01,Y,425.0,38371.4145,90.2856811764706,326.0,54.0,45.0,0.0058793595228236,53.0821979399504
GOBLG0002F8,PH063022067,2023-01-01,Y,2309.0,183261.318,79.36826245127762,1674.0,526.0,109.0,0.0010673272685615,8.471191077260217
GOBLG0002F9,PH063022072,2023-01-01,Y,1721.0,219457.9591,127.51769848925044,1484.0,116.0,121.0,0.0006068454369471,7.73835334581995
GOBLG0002FA,PH063022070,2023-01-01,Y,176.0,31520.9197,179.0961346590909,94.0,42.0,40.0,0.0011985132161926,21.464908435794257
GOBLG0002FB,PH063022198,2023-01-01,Y,289.0,52259.3672,180.8282602076125,179.0,69.0,41.0,0.0026302769764605,47.56284095174954
GOBLG0002FC,PH063022133,2023-01-01,Y,359.0,38983.9486,108.5903860724234,305.0,40.0,14.0,0.006885847789222,74.77368698675646
GOBLG0002FD,PH063022103,2023-01-01,Y,562.0,95420.2588,169.78693736654805,375.0,90.0,97.0,0.0018744103207734,31.8250387732378
GOBLG0002FE,PH063022004,2023-01-01,Y,1686.0,122747.9791,72.80425806642941,1366.0,224.0,96.0,0.0016642088813095,12.116149287130265
GOBLG0002FF,PH063022036,2023-01-01,Y,1120.0,66455.109,59.33491875,935.0,158.0,27.0,0.0050231777017978,29.80498408029857
GOBLG000300,PH063022163,2023-01-01,Y,420.0,55024.0426,131.00962523809525,280.0,86.0,54.0,0.0032534749793396,42.62365377648084
GOBLG000301,PH063022009,2023-01-01,Y,1697.0,101337.8488,59.715880259281086,1467.0,209.0,21.0,0.0069008396136358,41.20897120563836
GOBLG000302,PH063022166,2023-01-01,Y,1043.0,81834.2805,78.4604798657718,788.0,188.0,67.0,0.0025545087097012,20.04279791844532
GOBLG000303,PH063022151,2023-01-01,Y,3380.0,238422.3837,70.53916677514793,2796.0,384.0,200.0,0.0022396552982741,15.798341860380171
GOBLG000304,PH063022046,2023-01-01,Y,453.0,50214.7973,110.8494421633554,292.0,98.0,63.0,0.0050514881382162,55.995464221608174
GOBLG000305,PH063022061,2023-01-01,Y,572.0,45823.4469,80.11092115384616,470.0,55.0,47.0,0.0062889179855146,50.38110128805716
GOBLG000306,PH063022146,2023-01-01,Y,294.0,71609.6523,243.57024591836736,94.0,77.0,123.0,0.0021780276477615,53.05027297822884
GOBLG000307,PH063022185,2023-01-01,Y,207.0,10046.8672,48.535590338164255,189.0,18.0,0.0,0.0114075512891195,55.3672236130305
GOBLG000308,PH063022202,2023-01-01,Y,517.0,36698.1346,70.98285222437137,420.0,68.0,29.0,0.0066382488191706,47.1201834959801
GOBLG000309,PH063022088,2023-01-01,Y,420.0,60687.5137,144.49408023809522,318.0,62.0,40.0,0.0034036310161768,49.18045331523291
GOBLG00030A,PH063022057,2023-01-01,Y,64.0,23125.1488,361.33045,39.0,3.0,22.0,0.0016703279881469,60.3540363604728
GOBLG00030B,PH063022075,2023-01-01,Y,95.0,10360.6269,109.0592305263158,62.0,18.0,15.0,0.0040417048110253,44.07852167049374
GOBLG00030C,PH072230010,2023-01-01,Y,1107.0,137975.8768,124.63945510388436,796.0,172.0,139.0,0.0034788008171751,43.35958382676585
GOBLG00030D,PH072230020,2023-01-01,Y,7716.0,678094.4023,87.88159698030067,6559.0,710.0,447.0,0.0033724153192084,29.637324393286463
GOBLG00030E,PH072230017,2023-01-01,Y,4206.0,525890.1454,125.03332035187827,3242.0,576.0,388.0,0.0034478758814974,43.10993696247794
GOBLG00030F,PH072230002,2023-01-01,Y,1432.0,206696.8358,144.3413657821229,1030.0,221.0,181.0,0.0035248110974445,50.8776047929133
GOBLG000310,PH072230015,2023-01-01,Y,6009.0,433047.6654,72.06651113330005,5176.0,552.0,281.0,0.0041920008227495,30.21028739634817
GOBLG000311,PH072230016,2023-01-01,Y,4298.0,400022.1543,93.07169713820382,3697.0,373.0,228.0,0.0046366388770298,43.15398493021453
GOBLG000312,PH083747058,2023-01-01,Y,102.0,3485.5156,34.171721568627454,98.0,4.0,0.0,0.0090003331870599,30.755687969308948
GOBLG000313,PH083747089,2023-01-01,Y,335.0,20391.8597,60.87122298507463,303.0,21.0,11.0,0.0084442879326857,51.40141337006919
GOBLG000314,PH083747006,2023-01-01,Y,257.0,35538.097,138.28053307392997,168.0,42.0,47.0,0.0019085751882032,26.39187944364173
GOBLG000315,PH083747154,2023-01-01,Y,119.0,11104.8003,93.31764957983194,82.0,28.0,9.0,0.0072244869411545,67.41721407687359
GOBLG000316,PH083747080,2023-01-01,Y,29.0,3426.2116,118.1452275862069,18.0,7.0,4.0,0.0044909342057656,53.058244381486666
GOBLG000317,PH083747047,2023-01-01,Y,429.0,48139.2205,112.2126351981352,309.0,53.0,67.0,0.0022109325341612,24.809456590352504
GOBLG000318,PH083747145,2023-01-01,Y,137.0,10653.3334,77.76155766423358,102.0,26.0,9.0,0.0018874179453693,14.676855939535006
GOBLG000319,PH083747142,2023-01-01,Y,104.0,7720.4631,74.23522211538462,77.0,25.0,2.0,0.0061934899961306,45.97751055321689
GOBLG00031A,PH083747070,2023-01-01,Y,166.0,21716.1131,130.81995843373494,118.0,29.0,19.0,0.0043601674532748,57.03969250015422
GOBLG00031B,PH083747020,2023-01-01,Y,157.0,5630.9143,35.86569617834395,155.0,1.0,1.0,0.0001363482133675,0.4890223595100457
GOBLG00031C,PH083747153,2023-01-01,Y,58.0,12952.727,223.32287931034483,32.0,9.0,17.0,0.0041941382914467,93.66470394716532
GOBLG00031D,PH083747025,2023-01-01,Y,2282.0,154990.6942,67.9187967572305,1922.0,206.0,154.0,0.000244527116218,1.6607987508048088
GOBLG00031E,PH083747134,2023-01-01,Y,2627.0,275609.7079,104.91423977921583,1506.0,821.0,300.0,0.0042342831643387,44.42365991965278
GOBLG00031F,PH083747091,2023-01-01,Y,145.0,15833.0494,109.19344413793104,105.0,30.0,10.0,0.0023013430419973,25.129157289855925
GOBLG000320,PH083747036,2023-01-01,Y,48.0,12490.3158,260.2149125,14.0,10.0,24.0,0.0023917100590237,62.23586237342264
GOBLG000321,PH083747088,2023-01-01,Y,863.0,51611.9515,59.80527404403245,750.0,87.0,26.0,0.0037376636424973,22.353199842397085
GOBLG000322,PH083747083,2023-01-01,Y,124.0,23903.2861,192.7684362903226,84.0,21.0,19.0,0.001560052377209,30.07288572855948
GOBLG000323,PH083747069,2023-01-01,Y,335.0,35948.9536,107.31030925373136,269.0,26.0,40.0,0.0012803851386222,13.739852518943158
GOBLG000324,PH083747141,2023-01-01,Y,54.0,2441.2337,45.20803148148149,53.0,0.0,1.0,0.0048797873383812,22.06055796164724
GOBLG000325,PH083747148,2023-01-01,Y,1547.0,84102.4007,54.36483561732385,1386.0,125.0,36.0,0.0074849700695239,40.69191674302608
GOBLG000326,PH083747116,2023-01-01,Y,617.0,39741.0925,64.41019854132901,508.0,77.0,32.0,0.0041107744708347,26.477579982509365
GOBLG000327,PH083747060,2023-01-01,Y,365.0,38550.4108,105.61756383561644,294.0,40.0,31.0,0.0046069930098488,48.65793783079535
GOBLG000328,PH083747049,2023-01-01,Y,114.0,17199.6462,150.8740894736842,70.0,25.0,19.0,0.0036699280473399,55.36970525763479
GOBLG000329,PH083747130,2023-01-01,Y,1611.0,140222.6212,87.04073320918684,1226.0,271.0,114.0,0.0027375354000526,23.827708840668755
GOBLG00032A,PH083747143,2023-01-01,Y,166.0,6853.3237,41.28508253012048,160.0,3.0,3.0,0.0067032532244919,27.67443625934466
GOBLG00032B,PH083747014,2023-01-01,Y,80.0,10858.8021,135.73502625,40.0,25.0,15.0,0.0049146620740912,66.70917856366566
GOBLG00032C,PH097332012,2023-01-01,Y,2170.0,108393.8568,49.9510860829493,1972.0,173.0,25.0,0.0001252423679389,0.6255992302149799
GOBLG00032D,PH097332065,2023-01-01,Y,8858.0,627089.7692,70.79360681869497,6937.0,1614.0,307.0,0.0027233013769563,19.27923269290578
GOBLG00032E,PH097332088,2023-01-01,Y,972.0,56437.3896,58.06315802469136,865.0,83.0,24.0,2.770108941211899e-05,0.1608412731991969
GOBLG00032F,PH097332015,2023-01-01,Y,4093.0,281701.3063,68.82514202296603,3370.0,545.0,178.0,0.0003408436144511,2.34586101722202
GOBLG000330,PH097332013,2023-01-01,Y,2653.0,140444.008,52.93780927252168,2387.0,222.0,44.0,4.0830605937195805e-05,0.2161482829584762
GOBLG000331,PH097332055,2023-01-01,Y,927.0,98727.1526,106.50178274002158,754.0,87.0,86.0,6.387624770899495e-05,0.6802934255751182
GOBLG000332,PH097332018,2023-01-01,Y,863.0,41370.6855,47.93822190034762,791.0,60.0,12.0,2.795974963558264e-05,0.1340340682308724
GOBLG000333,PH097332011,2023-01-01,Y,3130.0,188279.5204,60.1532014057508,2794.0,254.0,82.0,0.0001701333595054,1.0234066240166342
GOBLG000334,PH097332082,2023-01-01,Y,429.0,22870.2975,53.31071678321678,395.0,29.0,5.0,5.4263324409523806e-05,0.2892816719311937
GOBLG000335,PH097332086,2023-01-01,Y,2464.0,113825.1815,46.19528469967533,2314.0,124.0,26.0,0.001621644562032,7.491233222475254
GOBLG000336,PH097332014,2023-01-01,Y,443.0,25424.3579,57.391327088036114,385.0,53.0,5.0,0.000186611338363,1.0709872358328614
GOBLG000337,PH097332078,2023-01-01,Y,1130.0,55080.5202,48.743823185840704,1039.0,78.0,13.0,2.5916721615351147e-05,0.1263280095975332
GOBLG000338,PH097332049,2023-01-01,Y,180.0,9538.4853,52.991585,159.0,18.0,3.0,4.97687508787757e-05,0.2637324992536467
GOBLG000339,PH097332030,2023-01-01,Y,965.0,61226.5379,63.44718953367876,845.0,77.0,43.0,0.0002373365868065,1.5058339406393284
GOBLG00033A,PH097332057,2023-01-01,Y,263.0,13653.824,51.91568060836502,236.0,21.0,6.0,5.0721833868337855e-05,0.263325852697918
GOBLG00033B,PH097332022,2023-01-01,Y,2907.0,171547.0188,59.01170237358101,2595.0,245.0,67.0,0.000862110047086,5.087458151191364
GOBLG00033C,PH097332081,2023-01-01,Y,956.0,52694.4466,55.1197140167364,849.0,84.0,23.0,5.355746026860789e-05,0.2952071893468389
GOBLG00033D,PH097332103,2023-01-01,Y,1258.0,68729.9219,54.63427813990461,1110.0,128.0,20.0,0.0001240036911502,0.6774852152678004
GOBLG00033E,PH104305037,2023-01-01,Y,5454.0,354749.6363,65.04393771543822,4613.0,674.0,167.0,0.0027201490573134,17.69292058606031
GOBLG00033F,PH104305033,2023-01-01,Y,53.0,11154.9641,210.471020754717,28.0,8.0,17.0,0.0013951987963515,29.364891482385275
GOBLG000340,PH104305012,2023-01-01,Y,69.0,11798.3694,170.9908608695652,25.0,26.0,18.0,0.0027683929481398,47.33698934276581
GOBLG000341,PH104305003,2023-01-01,Y,13277.0,1134941.1529,85.48174684793253,9931.0,2484.0,862.0,0.0020076425482509,17.161679207072726
GOBLG000342,PH104305064,2023-01-01,Y,4400.0,469309.0973,106.66115847727274,3580.0,497.0,323.0,0.0031307737494675,33.3931955048445
GOBLG000343,PH104305062,2023-01-01,Y,555.0,22761.5783,41.0118527927928,524.0,28.0,3.0,2.1252041500980714e-05,0.0871585597584544
GOBLG000344,PH104305057,2023-01-01,Y,3153.0,154325.6325,48.94564938154139,2876.0,195.0,82.0,0.0004600319760527,2.251656380417705
GOBLG000345,PH104305067,2023-01-01,Y,9684.0,1073939.4376,110.89833102023958,7823.0,1234.0,627.0,0.0004368270045858,4.8443385753139205
GOBLG000346,PH104305036,2023-01-01,Y,53.0,9472.2606,178.72189811320754,18.0,15.0,20.0,0.0019998021392832,35.7408434183556
GOBLG000347,PH104305010,2023-01-01,Y,207.0,23141.0747,111.7926314009662,123.0,49.0,35.0,0.0045787426481292,51.18696891421985
GOBLG000348,PH104305007,2023-01-01,Y,119.0,16854.1447,141.6314680672269,49.0,44.0,26.0,0.0035894619283162,50.838076247885446
GOBLG000349,PH104305058,2023-01-01,Y,2174.0,248616.1699,114.35886379944805,1279.0,578.0,317.0,0.0031069447990689,35.5306677109125
GOBLG00034A,PH104305063,2023-01-01,Y,5621.0,391779.1494,69.69919042874933,4918.0,487.0,216.0,0.0006136730357956,4.277251378290979
GOBLG00034B,PH104305009,2023-01-01,Y,306.0,28960.9316,94.64356732026144,214.0,64.0,28.0,0.0030075256128601,28.46429528081388
GOBLG00034C,PH104305038,2023-01-01,Y,2043.0,104358.9365,51.08122197748409,1872.0,116.0,55.0,8.089201941552138e-05,0.41320631999712
GOBLG00034D,PH104305052,2023-01-01,Y,14457.0,1384225.1176,95.74774279587744,10554.0,2826.0,1077.0,0.0029226776326022,27.98397862416652
GOBLG00034E,PH104305056,2023-01-01,Y,9340.0,748344.0617,80.12249054603853,7022.0,1726.0,592.0,0.0014987676392304,12.00849960049494
GOBLG00034F,PH112402086,2023-01-01,Y,4659.0,493653.8421,105.9570384417257,3083.0,1212.0,364.0,0.0039022062007377,41.346621241911045
GOBLG000350,PH112402045,2023-01-01,Y,1984.0,88144.9374,44.42789183467742,1854.0,113.0,17.0,7.229043468183789e-05,0.3211711612726507
GOBLG000351,PH112402066,2023-01-01,Y,3333.0,239155.2945,71.75376372637264,2823.0,367.0,143.0,0.0003291106783768,2.3614929856077675
GOBLG000352,PH112402080,2023-01-01,Y,2223.0,112673.909,50.68551911830859,2011.0,193.0,19.0,0.0004188165336869,2.12279334252546
GOBLG000353,PH112402057,2023-01-01,Y,8546.0,593365.5489,69.43196219283877,7306.0,1040.0,200.0,0.001880277718224,13.055137144377142
GOBLG000354,PH112402042,2023-01-01,Y,518.0,24684.5128,47.65349961389961,480.0,31.0,7.0,6.113229226746397e-05,0.2913167665964392
GOBLG000355,PH112402154,2023-01-01,Y,1112.0,62873.2628,56.54070395683453,989.0,113.0,10.0,0.0120763444328302,68.28050154574207
GOBLG000356,PH112402002,2023-01-01,Y,1433.0,188061.496,131.23621493370553,1016.0,198.0,219.0,0.0039524818372432,51.87087559140272
GOBLG000357,PH112402150,2023-01-01,Y,247.0,26668.7018,107.97045263157894,137.0,75.0,35.0,0.0044543380266801,48.09368929147096
GOBLG000358,PH112402151,2023-01-01,Y,530.0,83168.1455,156.92102924528302,275.0,133.0,122.0,0.0026464537776054,41.52842506319131
GOBLG000359,PH112402012,2023-01-01,Y,3080.0,190861.0573,61.96787574675324,2555.0,465.0,60.0,0.0012255595485562,7.5945321825182575
GOBLG00035A,PH112402184,2023-01-01,Y,1799.0,84623.9209,47.03942240133407,1674.0,100.0,25.0,9.94812693596098e-05,0.4679541450427578
GOBLG00035B,PH112402099,2023-01-01,Y,2584.0,124174.1893,48.05502681888545,2413.0,138.0,33.0,5.635554165144872e-05,0.2708167065453184
GOBLG00035C,PH112402127,2023-01-01,Y,12232.0,778699.0048,63.66080810987574,10462.0,1490.0,280.0,0.0011989529413613,7.632631313277454
GOBLG00035D,PH112402074,2023-01-01,Y,11912.0,932972.6369,78.32208167394225,8816.0,2568.0,528.0,0.0036624833042875,28.68533164878601
GOBLG00035E,PH112402185,2023-01-01,Y,752.0,114835.5197,152.70680811170214,570.0,83.0,99.0,0.0036885959690851,56.32737168526884
GOBLG00035F,PH112402117,2023-01-01,Y,5205.0,386907.442,74.33380249759846,4288.0,736.0,181.0,0.0005872594221317,4.365322589959492
GOBLG000360,PH112402014,2023-01-01,Y,5862.0,331760.6193,56.59512441146367,5205.0,574.0,83.0,0.0005931752599916,3.357082763702852
GOBLG000361,PH112402114,2023-01-01,Y,774.0,38598.9386,49.86942971576227,698.0,61.0,15.0,0.000131998284433,0.658267916813437
GOBLG000362,PH112402145,2023-01-01,Y,350.0,59323.2464,169.49498971428574,213.0,60.0,77.0,0.0021380000232925,36.23802919571099
GOBLG000363,PH112402087,2023-01-01,Y,14406.0,1654588.4363,114.85411886019712,11425.0,2302.0,679.0,0.0014151929264241,16.25407365816247
GOBLG000364,PH112402153,2023-01-01,Y,1428.0,217243.5826,152.13136036414565,865.0,321.0,242.0,0.0024561731442718,37.36609617279611
GOBLG000365,PH112402075,2023-01-01,Y,13036.0,1340523.9026,102.83245647437865,8552.0,2895.0,1589.0,0.0025964851581735,26.70029470142512
GOBLG000366,PH112402006,2023-01-01,Y,8423.0,480400.3633,57.03435394752464,7373.0,855.0,195.0,0.0010054662401439,5.734611742265877
GOBLG000367,PH112402197,2023-01-01,Y,7193.0,865383.2448,120.3090844988183,4372.0,2044.0,777.0,0.0028907519434414,34.77837198286146
GOBLG000368,PH112402170,2023-01-01,Y,1238.0,79113.3078,63.90412584814216,1049.0,169.0,20.0,0.0101051308713179,64.57595549126486
GOBLG000369,PH137401019,2023-01-01,Y,1063.0,123893.182,116.55050047036688,586.0,315.0,162.0,0.0047276645992023,55.10116750930659
GOBLG00036A,PH137401018,2023-01-01,Y,1314.0,149074.7408,113.45109649923896,929.0,257.0,128.0,0.0034092742285191,38.67858994920941
GOBLG00036B,PH137401022,2023-01-01,Y,4952.0,584873.0487,118.10845086833604,3039.0,1195.0,718.0,0.004570599881009,53.982647148497854
GOBLG00036C,PH137503007,2023-01-01,Y,920.0,34764.5314,37.78753413043479,868.0,48.0,4.0,0.0158401641052879,59.8560741760255
GOBLG00036D,PH137503014,2023-01-01,Y,5553.0,297451.2426,53.56586396542409,4855.0,560.0,138.0,0.0009651316566183,5.169811102714262
GOBLG00036E,PH137503008,2023-01-01,Y,1763.0,126395.116,71.69320249574588,1601.0,91.0,71.0,0.0066277410760968,47.51639830579866
