horizon,model,city,tier,n,RMSE,MAE,MAE_nonzero,RMSE_nonzero,Poisson_deviance
0,A_all_zero,Cagayan de Oro City,Tier 2,200,0.85146931829632,0.365,1.3518518518518519,1.638653467083625,4.6465007349819825
0,A_all_zero,City of Mandaluyong,Tier 2,202,0.7929141638835371,0.3316831683168317,1.488888888888889,1.679947089113887,4.262600145706766
0,A_all_zero,City of Muntinlupa,Tier 2,202,0.5024691508189856,0.15346534653465346,1.3478260869565217,1.4890907643081486,1.9354382655934108
0,A_all_zero,City of Navotas,Tier 1,202,1.099054499139696,0.49504950495049505,1.639344262295082,2.0,6.524089640196485
0,A_all_zero,Dagupan City,Tier 1,202,0.9065220230186477,0.3069306930693069,1.7714285714285714,2.177810171446801,4.1020359279561776
0,A_all_zero,Davao City,Tier 1,200,2.0161845153655955,1.245,2.128205128205128,2.636042099193021,17.09339175142882
0,A_all_zero,Iloilo City,Tier 1,200,3.6180105030251086,2.28,3.4029850746268657,4.420103328298539,33.866437778923164
0,A_all_zero,Legazpi City,Tier 2,200,0.37416573867739417,0.12,1.0909090909090908,1.1281521496355325,1.447587154178111
0,A_all_zero,Mandaue City,Tier 2,199,0.4072212491123753,0.11557788944723618,1.2105263157894737,1.3178930553209385,1.4286009749229478
0,A_all_zero,Palayan City,Tier 2,202,0.23335690592856784,0.04455445544554455,1.125,1.1726039399558574,0.5421593254649418
0,A_all_zero,Tacloban City,Tier 2,199,0.2835524820033344,0.08040201005025126,1.0,1.0,0.9519907986302935
0,A_all_zero,Zamboanga City,Tier 1,200,7.758543677778711,1.055,3.9074074074074074,14.931324269616692,18.633384562287855
0,B_persistence,Cagayan de Oro City,Tier 2,200,0.9027735042633894,0.485,1.0555555555555556,1.4465796184768374,3.2943263659777613
0,B_persistence,City of Mandaluyong,Tier 2,202,0.7412860112635673,0.3613861386138614,0.9555555555555556,1.2202003478482084,2.2040094167092295
0,B_persistence,City of Muntinlupa,Tier 2,202,0.5886719404433564,0.2376237623762376,1.0869565217391304,1.2335879094879225,1.5871037947280295
0,B_persistence,City of Navotas,Tier 1,202,1.173131545804807,0.6534653465346535,1.2622950819672132,1.6144836255128698,3.7122524325797066
0,B_persistence,Dagupan City,Tier 1,202,0.87879305170374,0.36633663366336633,1.2857142857142858,1.5946338585572373,2.117032718329679
0,B_persistence,Davao City,Tier 1,200,1.7492855684535902,1.18,1.4444444444444444,1.9892875501709042,5.497606051427298
0,B_persistence,Iloilo City,Tier 1,200,2.3885141824992373,1.515,1.9477611940298507,2.8059106059099976,4.568453015394981
0,B_persistence,Legazpi City,Tier 2,200,0.47958315233127197,0.21,1.0,1.087114613009218,1.4171739994076265
0,B_persistence,Mandaue City,Tier 2,199,0.5351935732088159,0.19597989949748743,1.0,1.1920791213585393,1.3224826191952022
0,B_persistence,Palayan City,Tier 2,202,0.3146583877637763,0.07920792079207921,1.0,1.118033988749895,0.5627954118116534
0,B_persistence,Tacloban City,Tier 2,199,0.37510467550797033,0.1407035175879397,0.875,0.9354143466934853,0.9737846623693461
0,B_persistence,Zamboanga City,Tier 1,200,9.412226091632096,1.58,4.944444444444445,18.06111025667314,6.013115333727062
0,C_poisson_regression,Cagayan de Oro City,Tier 2,200,0.8042296477273978,0.6119318482987475,0.7854537653216705,1.2330093351833422,1.1623183555246033
0,C_poisson_regression,City of Mandaluyong,Tier 2,202,0.6218313760880853,0.45821285275833573,0.8498856420611097,1.090076491777357,0.8075055112882511
0,C_poisson_regression,City of Muntinlupa,Tier 2,202,1.0397463909882922,0.8887676859705594,0.752105718358823,0.9706043461290162,1.661629351358358
0,C_poisson_regression,City of Navotas,Tier 1,202,0.8996495662480734,0.5239951781758584,1.2306333373640355,1.590954961462714,1.148606965384003
0,C_poisson_regression,Dagupan City,Tier 1,202,0.7574894259143634,0.47123426959631437,1.1785577286614661,1.6142754723722335,0.8764386193355728
0,C_poisson_regression,Davao City,Tier 1,200,1.4842360532180112,1.0405316233477595,1.0570179322829572,1.717838321646802,1.56903685367686
0,C_poisson_regression,Iloilo City,Tier 1,200,2.5720310886417748,1.841159532118059,1.9186856579096505,2.823770929950514,2.48929640205996
0,C_poisson_regression,Legazpi City,Tier 2,200,0.725270399022673,0.6236573475267002,0.4687092383343021,0.5596493973264701,1.1915395454435669
0,C_poisson_regression,Mandaue City,Tier 2,199,0.7462494864287631,0.6967826013633954,0.36170174442887293,0.6769744806291432,1.361618855704051
0,C_poisson_regression,Palayan City,Tier 2,202,0.5093353267274799,0.4445330779267943,0.6290403777886141,0.6909544676025022,0.8707593238835254
0,C_poisson_regression,Tacloban City,Tier 2,199,0.6190699708128327,0.5564569888166504,0.40726946851742246,0.4457399399380127,1.0739886608054001
0,C_poisson_regression,Zamboanga City,Tier 1,200,7.653646368406106,1.2917256413742502,3.220830923627636,14.696860303396868,5.515742702180446
0,XGB_case_only_pois,Cagayan de Oro City,Tier 2,200,0.8392461146679289,0.52626235216856,1.0277329192117408,1.4316822332024568,1.1858143995267694
0,XGB_case_only_pois,City of Mandaluyong,Tier 2,202,0.6266017442068299,0.4109866803530419,0.8807084798812866,1.0826872913204049,0.7992928015358663
0,XGB_case_only_pois,City of Muntinlupa,Tier 2,202,0.4898770454515114,0.3134630812276708,0.9776420100875522,1.1249830368868199,0.6749665390079831
0,XGB_case_only_pois,City of Navotas,Tier 1,202,1.2002725061743094,0.65851858745117,1.0638422672865822,1.4584704507129815,1.381942173229862
0,XGB_case_only_pois,Dagupan City,Tier 1,202,0.7940785294344566,0.4231108760479653,1.1610275089740754,1.4805981280480192,0.83467999795033
0,XGB_case_only_pois,Davao City,Tier 1,200,1.766776200087052,1.1514032496511937,1.3687798457267957,1.9749924816872706,1.9255703014098433
0,XGB_case_only_pois,Iloilo City,Tier 1,200,2.445953614752664,1.5953185762465,2.058522664566538,2.9168010849990744,2.1866862303202232
0,XGB_case_only_pois,Legazpi City,Tier 2,200,0.3912535552513136,0.2813898576796055,0.7930826002901251,0.8747447034589272,0.5884127033759363
0,XGB_case_only_pois,Mandaue City,Tier 2,199,0.4535263323017356,0.2853001645162477,0.9141539884241003,1.0925530470678844,0.6267710610343198
0,XGB_case_only_pois,Palayan City,Tier 2,202,0.2874474352709482,0.20380708649016843,0.9408636391162872,1.0074151773396975,0.4328651415621663
0,XGB_case_only_pois,Tacloban City,Tier 2,199,0.3110117905941167,0.23640128820385764,0.7697569187730551,0.7802083506868073,0.4825884799180254
0,XGB_case_only_pois,Zamboanga City,Tier 1,200,9.17140857157885,1.5644222113490105,4.6629673689603806,17.586313783104323,3.8574353267878974
0,XGB_case_only_sq,Cagayan de Oro City,Tier 2,200,0.8468801519960143,0.5340210048854351,1.0443811339360696,1.4515964249059956,1.1778368102145609
0,XGB_case_only_sq,City of Mandaluyong,Tier 2,202,0.6209928238948285,0.414426252836048,0.8947384026315477,1.0935043780751037,0.7946074522508141
0,XGB_case_only_sq,City of Muntinlupa,Tier 2,202,0.48350350208142356,0.3165868030916346,0.9659732632015062,1.1136419880465322,0.6741288736069844
0,XGB_case_only_sq,City of Navotas,Tier 1,202,1.2374732899556995,0.6639919664600108,1.0652349933249052,1.4630553961027772,1.3840714805671959
0,XGB_case_only_sq,Dagupan City,Tier 1,202,0.7927767488269744,0.4287780040856635,1.1719215597425188,1.4995421369752715,0.8374118798349253
0,XGB_case_only_sq,Davao City,Tier 1,200,1.8113748341528062,1.1715041168034077,1.3777515368583875,1.9633861801256922,1.9512761693425391
0,XGB_case_only_sq,Iloilo City,Tier 1,200,2.542199295864752,1.6730613756179809,2.1712124783601334,3.0346511132226746,2.301298141373496
0,XGB_case_only_sq,Legazpi City,Tier 2,200,0.3890124913342974,0.28651909679174425,0.7837511991912668,0.8643016105236385,0.592441728179675
0,XGB_case_only_sq,Mandaue City,Tier 2,199,0.4550261453382798,0.2913663640393684,0.9125616707299885,1.0853062210246385,0.6318552582909425
0,XGB_case_only_sq,Palayan City,Tier 2,202,0.28753158226977193,0.20929200076820828,0.9330115616321564,1.00069412140448,0.4413034021618658
0,XGB_case_only_sq,Tacloban City,Tier 2,199,0.3108873790489715,0.241753473952787,0.7578806560486555,0.7698280538657055,0.4895237538630527
0,XGB_case_only_sq,Zamboanga City,Tier 1,200,9.602877038720575,1.6240041695535183,4.8546823737797915,18.412255889724936,3.7793634733851427
0,XGB_case_weather_pois,Cagayan de Oro City,Tier 2,200,0.7791549266544594,0.5136971875466406,0.9473229165844343,1.3083600475833699,1.1100988437022234
0,XGB_case_weather_pois,City of Mandaluyong,Tier 2,202,0.5973736618860507,0.34160612647117367,0.9984446045425203,1.1712530246474653,0.7003876035996798
0,XGB_case_weather_pois,City of Muntinlupa,Tier 2,202,0.4712145006129983,0.2577400968253317,1.0105135917015697,1.1833968759732572,0.5750476856749378
0,XGB_case_weather_pois,City of Navotas,Tier 1,202,0.8056557535781519,0.486263749844367,1.046860157527396,1.3125338958144022,1.143312973034915
0,XGB_case_weather_pois,Dagupan City,Tier 1,202,0.7072554371393834,0.3733492137698254,1.1378516720873968,1.4648198318682446,0.7148814222258075
0,XGB_case_weather_pois,Davao City,Tier 1,200,1.5885184084610038,1.0930635564401745,1.4484704684497964,1.9350117634801187,1.8894817437629654
0,XGB_case_weather_pois,Iloilo City,Tier 1,200,2.596388742940268,1.5666518054902554,2.0577108137198348,3.104484419618112,2.191710320520465
0,XGB_case_weather_pois,Legazpi City,Tier 2,200,0.3566842937244667,0.2355954956635833,0.8873861472715031,0.9326093831417404,0.525145192410132
0,XGB_case_weather_pois,Mandaue City,Tier 2,199,0.3936217291566772,0.21711422841827474,0.9946755511980307,1.1505710809883363,0.530004045647501
0,XGB_case_weather_pois,Palayan City,Tier 2,202,0.2663422930168476,0.17631341472710713,0.9327216120436788,1.0077727068178366,0.3844502350679979
0,XGB_case_weather_pois,Tacloban City,Tier 2,199,0.32657366427890383,0.25885505854484425,0.7539133680984378,0.7627807981788567,0.5152526689233046
0,XGB_case_weather_pois,Zamboanga City,Tier 1,200,7.16458419189892,1.1906393695622683,3.4844856466408127,13.766230275389361,3.085907413980592
0,XGB_case_weather_sq,Cagayan de Oro City,Tier 2,200,0.7774065511866087,0.5146995747834444,0.9923459768847183,1.320982095487144,1.1308648988249468
0,XGB_case_weather_sq,City of Mandaluyong,Tier 2,202,0.5814073038276452,0.3416586611927072,0.9051993113425043,1.0948030052440827,0.702820870191006
0,XGB_case_weather_sq,City of Muntinlupa,Tier 2,202,0.4657851266987823,0.25442770014673766,0.9547800211154897,1.125482561720992,0.56689371056742
0,XGB_case_weather_sq,City of Navotas,Tier 1,202,0.9990522483635197,0.5542691280641178,1.0670292199146552,1.4052351631906534,1.3290212516994173
0,XGB_case_weather_sq,Dagupan City,Tier 1,202,0.7791055172254584,0.41569701124831,1.2192230345947401,1.5790035348350264,0.8025500362947252
0,XGB_case_weather_sq,Davao City,Tier 1,200,2.6699483479139574,1.2752267448604107,1.4976908765796921,2.0698941892583944,2.2620318889891315
0,XGB_case_weather_sq,Iloilo City,Tier 1,200,2.4269808908160404,1.5409894535690547,1.9988366375996995,2.8974697383187324,2.1499829736136733
0,XGB_case_weather_sq,Legazpi City,Tier 2,200,0.3737970269921157,0.2596437814412639,0.8134626400741664,0.8776176246781514,0.5613697895773258
0,XGB_case_weather_sq,Mandaue City,Tier 2,199,0.40553229461762474,0.22463222682925324,0.96296959997792,1.1252533689345716,0.5366082931090933
0,XGB_case_weather_sq,Palayan City,Tier 2,202,0.29232588156127715,0.18630708130721998,0.9404268767684698,1.0170264171046681,0.4103846831187988
0,XGB_case_weather_sq,Tacloban City,Tier 2,199,0.33629511959827035,0.25985985024640307,0.7367260865867138,0.7508406642231054,0.5193918196828211
0,XGB_case_weather_sq,Zamboanga City,Tier 1,200,9.28071719589527,1.5067479644343258,4.77888459008601,17.847732239310588,3.761096723180578
0,XGB_full_pois,Cagayan de Oro City,Tier 2,200,0.7591893837500492,0.4976836586743593,0.9762381222788934,1.3134793930860649,1.0534955463333775
0,XGB_full_pois,City of Mandaluyong,Tier 2,202,0.6260514581361756,0.3238317529200622,1.114886913738317,1.2755309734002638,0.8020117008382841
0,XGB_full_pois,City of Muntinlupa,Tier 2,202,0.47262628282466196,0.25289943491542105,1.0196730870267618,1.194892473189802,0.5596696371388353
0,XGB_full_pois,City of Navotas,Tier 1,202,0.8421831926197663,0.5098591386386664,1.076888007707283,1.3334586904251777,1.1245667366302088
0,XGB_full_pois,Dagupan City,Tier 1,202,0.7590060486719562,0.40430030613990114,1.1798745191523008,1.508334090225325,0.756119659927038
0,XGB_full_pois,Davao City,Tier 1,200,1.5962531852310773,1.0958962035179138,1.3410917645336216,1.8961342540163437,1.649806212711903
0,XGB_full_pois,Iloilo City,Tier 1,200,2.5326339541930754,1.600801394507289,2.002062757402214,2.993430429681568,1.959639297697724
0,XGB_full_pois,Legazpi City,Tier 2,200,0.3518753680972822,0.18201069636270403,0.9803837683390487,1.0243606169521522,0.5328762313687286
0,XGB_full_pois,Mandaue City,Tier 2,199,0.3908944726797303,0.15689436903214035,1.1231768457709175,1.2448316314331698,0.5627170268087021
0,XGB_full_pois,Palayan City,Tier 2,202,0.23631641762720684,0.11519332205194353,1.040318796876818,1.0923299354456493,0.30640891984270574
0,XGB_full_pois,Tacloban City,Tier 2,199,0.2850298203817438,0.19435171404825383,0.8490277794189751,0.8515873141187408,0.4307441117618287
0,XGB_full_pois,Zamboanga City,Tier 1,200,7.3596630346873875,1.153946885690093,3.115293115101479,14.14110949863895,3.6653224932722344
0,XGB_full_sq,Cagayan de Oro City,Tier 2,200,1.1879467472745329,0.5936077008023858,1.3364919119135097,2.1974059482920683,1.1963727847652166
0,XGB_full_sq,City of Mandaluyong,Tier 2,202,0.5945658955397707,0.31997114398959325,0.976744554274612,1.1610481651596325,0.7880861804196211
0,XGB_full_sq,City of Muntinlupa,Tier 2,202,0.47391526363136827,0.2810139437528825,0.9308084745122038,1.1069000702491198,0.5701997106076165
0,XGB_full_sq,City of Navotas,Tier 1,202,1.0174606797140227,0.5620194433607383,1.0886618628731517,1.4001496884675126,1.3160602117075622
0,XGB_full_sq,Dagupan City,Tier 1,202,0.7457041826595516,0.4154064435843784,1.217572053841182,1.5159857793745148,0.7640280692219623
0,XGB_full_sq,Davao City,Tier 1,200,2.292995856090824,1.2058794054389,1.3342060428908749,1.9107283984251573,1.9238578966336735
0,XGB_full_sq,Iloilo City,Tier 1,200,2.4273636862699477,1.6131055916845798,1.9351474275784706,2.805981943197231,1.9954840162173206
0,XGB_full_sq,Legazpi City,Tier 2,200,0.3689152058822643,0.20793181647080927,0.9131541413636032,0.9708917218802717,0.6845338328752032
0,XGB_full_sq,Mandaue City,Tier 2,199,0.399601925959245,0.16310559960793536,1.0701905088499188,1.207588229143398,0.6079545148015355
0,XGB_full_sq,Palayan City,Tier 2,202,0.25829980917404577,0.11929293527581387,1.0140843331464566,1.0701245283043628,0.32291465759193144
0,XGB_full_sq,Tacloban City,Tier 2,199,0.29336655272853035,0.15915715206916392,0.8644289109506644,0.8755976513169128,0.4737829001373061
0,XGB_full_sq,Zamboanga City,Tier 1,200,9.474166245000939,1.570605713352561,4.729289735081019,18.21706742201109,4.3233615718997696
0,CAT_case_only_pois,Cagayan de Oro City,Tier 2,200,0.8304399502293431,0.5204198883036356,1.0537962597873554,1.4513969018223807,1.1250002285256813
0,CAT_case_only_pois,City of Mandaluyong,Tier 2,202,0.6203636219222164,0.41445707246370334,0.9103256175428863,1.1229737724653335,0.7985695317444518
0,CAT_case_only_pois,City of Muntinlupa,Tier 2,202,0.47292454631892034,0.3192992746619313,0.980960556816074,1.1244553962564001,0.6707865311827024
0,CAT_case_only_pois,City of Navotas,Tier 1,202,1.2245515760509489,0.6640801300658906,1.1274644006074979,1.5115286137426882,1.3555228965741022
0,CAT_case_only_pois,Dagupan City,Tier 1,202,0.7897506002710762,0.43424347069211844,1.1999277709675367,1.4978978001071432,0.8386737617206363
0,CAT_case_only_pois,Davao City,Tier 1,200,1.9720487989533988,1.1932284053848963,1.4670947572171424,2.2696932622520443,2.0407653676181643
0,CAT_case_only_pois,Iloilo City,Tier 1,200,2.4286242705364227,1.610742365018754,2.1088539002362787,2.904242043374034,2.2377125662968935
0,CAT_case_only_pois,Legazpi City,Tier 2,200,0.3837809413266151,0.29168444120035364,0.7948702419897092,0.8673438676952643,0.5919416557237811
0,CAT_case_only_pois,Mandaue City,Tier 2,199,0.4440883911688444,0.2965921068224635,0.9283896214676503,1.088440477770926,0.6299757593534746
0,CAT_case_only_pois,Palayan City,Tier 2,202,0.2844393978232973,0.22118797729227835,0.9223530703307511,0.9871022518368807,0.4580793591866376
0,CAT_case_only_pois,Tacloban City,Tier 2,199,0.3099200736505079,0.2513935773109123,0.7628753393638327,0.7691580674272704,0.5007793026882826
0,CAT_case_only_pois,Zamboanga City,Tier 1,200,16.16131417051811,2.157823566894059,6.888436807879685,31.06401359410547,4.556234873434642
0,CAT_case_only_rmse,Cagayan de Oro City,Tier 2,200,0.7749181900589049,0.5310922942584243,1.0054695996643477,1.324187091059871,1.0854943746041463
0,CAT_case_only_rmse,City of Mandaluyong,Tier 2,202,0.6166339359096569,0.43366324515763055,0.8850838135058922,1.106448855107947,0.8072931338038231
0,CAT_case_only_rmse,City of Muntinlupa,Tier 2,202,0.47400798203147676,0.34480811982936943,0.9106281356664884,1.0753989112680122,0.7006189229931645
0,CAT_case_only_rmse,City of Navotas,Tier 1,202,1.1061275423952708,0.6693374856454372,1.1332587984118774,1.5664078837599114,1.336412144071137
0,CAT_case_only_rmse,Dagupan City,Tier 1,202,0.794623604931742,0.4631769080565052,1.2172018606648698,1.572705381138284,0.8761835081150989
0,CAT_case_only_rmse,Davao City,Tier 1,200,1.7227472946447178,1.1525770692195685,1.4042620621859996,1.9703926172203765,1.920145161907518
0,CAT_case_only_rmse,Iloilo City,Tier 1,200,2.296643986124114,1.5377598162590589,1.9862529107636366,2.7404428865763113,2.1908287543535625
0,CAT_case_only_rmse,Legazpi City,Tier 2,200,0.3916217253392107,0.3181205068833268,0.7543399662827259,0.8361693511009537,0.627132165142815
0,CAT_case_only_rmse,Mandaue City,Tier 2,199,0.46484698724124207,0.3285007812111094,0.8886853306949206,1.0513107294395954,0.6706145409952816
0,CAT_case_only_rmse,Palayan City,Tier 2,202,0.30706636347034033,0.25502639777670094,0.8807551419137032,0.9508179070053384,0.5157506971074959
0,CAT_case_only_rmse,Tacloban City,Tier 2,199,0.3239273758560965,0.2808764086771024,0.7223241750080869,0.7305978518111479,0.5460314360307793
0,CAT_case_only_rmse,Zamboanga City,Tier 1,200,20.020006304102353,2.524473064706261,8.15629729525095,38.5051101563215,5.301144585793338
0,CAT_case_weather_pois,Cagayan de Oro City,Tier 2,200,0.7453099037965399,0.5076246293413146,0.9507080396780943,1.2502825716497725,1.0330953063334973
0,CAT_case_weather_pois,City of Mandaluyong,Tier 2,202,0.5902097911254589,0.35510327798008884,0.9583062461423346,1.143501300008822,0.6931364373110499
0,CAT_case_weather_pois,City of Muntinlupa,Tier 2,202,0.4619986367243646,0.2806222942460065,0.969372892920043,1.1402027118198415,0.5749693727022919
0,CAT_case_weather_pois,City of Navotas,Tier 1,202,0.9938333565198304,0.5572661749360174,1.178487480279519,1.5131579174382501,1.2359212185292618
0,CAT_case_weather_pois,Dagupan City,Tier 1,202,0.6983578372365281,0.3833190530413847,1.1673428022504269,1.4898269069756511,0.7104865465881551
0,CAT_case_weather_pois,Davao City,Tier 1,200,1.854683079229166,1.1475426651748708,1.461189335600108,2.085786268630715,1.9873599619599558
0,CAT_case_weather_pois,Iloilo City,Tier 1,200,2.188885308702157,1.4210192965659396,1.8806366056709098,2.622209271498366,2.0986118986358053
0,CAT_case_weather_pois,Legazpi City,Tier 2,200,0.38406641608146547,0.2986418044979964,0.8105685005937248,0.8615507548814225,0.60036389359634
0,CAT_case_weather_pois,Mandaue City,Tier 2,199,0.4033969060420603,0.25420443926832786,0.9411108938551765,1.107767961689497,0.557852953707994
0,CAT_case_weather_pois,Palayan City,Tier 2,202,0.28750158085742833,0.21916618570783497,0.8827165332295728,0.9577588722235676,0.45104776489565857
0,CAT_case_weather_pois,Tacloban City,Tier 2,199,0.33952990556039103,0.2776622201490768,0.7356189356376437,0.7507390036426287,0.5526379562501178
0,CAT_case_weather_pois,Zamboanga City,Tier 1,200,8.804312740506438,1.496099407057526,4.713827448360625,16.929270615710244,3.7089013239435986
0,CAT_case_weather_rmse,Cagayan de Oro City,Tier 2,200,0.751585734608685,0.5097106926511378,0.9473401634224845,1.259543840668759,1.0931846517645554
0,CAT_case_weather_rmse,City of Mandaluyong,Tier 2,202,0.577845330070267,0.3408042707745439,0.812207754466615,1.0490366444968975,0.7737544522652335
0,CAT_case_weather_rmse,City of Muntinlupa,Tier 2,202,0.47340784687583104,0.2956463355272276,0.7456610626299564,0.9290236430831159,0.6021778460542294
0,CAT_case_weather_rmse,City of Navotas,Tier 1,202,0.9997145410032137,0.5631640248635051,1.0919593740649132,1.445155884954265,1.9843159644175432
0,CAT_case_weather_rmse,Dagupan City,Tier 1,202,0.7547718244854726,0.40357773878674175,1.174669960913053,1.5314455693454347,0.8532001006037263
0,CAT_case_weather_rmse,Davao City,Tier 1,200,1.6616557710272588,1.1053513693288612,1.4267434876660021,1.9679583167411805,1.902984960196216
0,CAT_case_weather_rmse,Iloilo City,Tier 1,200,2.332525660385651,1.5081050221888406,1.9901040918610806,2.7947795345332365,2.2896413674240246
0,CAT_case_weather_rmse,Legazpi City,Tier 2,200,0.4691792802843981,0.37784671647600504,0.7197331821266956,0.80930592915179,0.7896689318741836
0,CAT_case_weather_rmse,Mandaue City,Tier 2,199,0.43632535482854573,0.2622740949976097,0.8907480753532385,1.0745642466314944,0.5949436608742119
0,CAT_case_weather_rmse,Palayan City,Tier 2,202,0.355737063625814,0.2540291001007644,0.8652303103622133,0.9203164475409967,0.5217267508109596
0,CAT_case_weather_rmse,Tacloban City,Tier 2,199,0.3868918118513164,0.3038401401369854,0.7035569883727896,0.7329724047460332,0.6246888296977
0,CAT_case_weather_rmse,Zamboanga City,Tier 1,200,19.30805794979901,2.4782973154214885,8.267452800541806,37.147543387965655,5.581006679918939
0,CAT_full_pois,Cagayan de Oro City,Tier 2,200,0.7103695881630808,0.46801160830357746,0.9980489510671644,1.2653536647709085,0.9945712264194748
0,CAT_full_pois,City of Mandaluyong,Tier 2,202,0.6168717157291064,0.353981533843183,1.0561135599127212,1.2545175946376845,0.7443191349210743
0,CAT_full_pois,City of Muntinlupa,Tier 2,202,0.45336681957362335,0.3015267122393375,0.911676692259639,1.0882454396413344,0.5908409978145563
0,CAT_full_pois,City of Navotas,Tier 1,202,0.9289649029272743,0.5354157757902335,1.218502900023584,1.546239662748536,1.2156805501441117
0,CAT_full_pois,Dagupan City,Tier 1,202,0.7133957260970619,0.4030222977657358,1.209721853109512,1.5175107117539208,0.7533013641168568
0,CAT_full_pois,Davao City,Tier 1,200,1.5896037527965323,1.0858780293628199,1.3422413444141237,1.8832506029659875,1.6666572206323729
0,CAT_full_pois,Iloilo City,Tier 1,200,2.221268297130915,1.473897719063831,1.8593433585357388,2.607599333922015,1.9474130343239424
0,CAT_full_pois,Legazpi City,Tier 2,200,0.36287705932926584,0.25758059094919633,0.8854356020477606,0.9320862714935207,0.559838637349295
0,CAT_full_pois,Mandaue City,Tier 2,199,0.3933908855687201,0.2361536717192922,0.9972679137881644,1.1382845253036393,0.5346590775348465
0,CAT_full_pois,Palayan City,Tier 2,202,0.2433250860859846,0.15236030631370065,0.9846599963356035,1.038018579271783,0.3438551924987292
0,CAT_full_pois,Tacloban City,Tier 2,199,0.29414352429483726,0.2177287736285059,0.8200935278415374,0.8241382754707465,0.4620270805687269
0,CAT_full_pois,Zamboanga City,Tier 1,200,7.826761655381608,1.4011510581570692,4.12223829169473,15.040524275775127,3.5132587015403995
0,CAT_full_rmse,Cagayan de Oro City,Tier 2,200,0.7825489972039466,0.48819428604336923,1.0513383915405095,1.364100136509046,1.1142086097035002
0,CAT_full_rmse,City of Mandaluyong,Tier 2,202,0.5793283919720679,0.3369179947560296,0.8752652095779381,1.0891952327820182,0.8022068931000079
0,CAT_full_rmse,City of Muntinlupa,Tier 2,202,0.4844118023138843,0.3214440288086493,0.7424973729944461,0.9232299609054048,0.613843818353385
0,CAT_full_rmse,City of Navotas,Tier 1,202,1.0227283524421136,0.53952564532961,1.187628155132294,1.5395240066750318,2.2825018850052508
0,CAT_full_rmse,Dagupan City,Tier 1,202,0.7388507275330096,0.4005635713902494,1.2322739013508184,1.5601042689889046,0.8889227749656258
0,CAT_full_rmse,Davao City,Tier 1,200,1.6711611769721504,1.1323231228053254,1.4027221033038775,1.975412922041411,1.793167566329596
0,CAT_full_rmse,Iloilo City,Tier 1,200,2.253237699810702,1.4886635504109427,1.8334768200523426,2.6600717923772494,2.00368117527697
0,CAT_full_rmse,Legazpi City,Tier 2,200,0.4669416316487922,0.3697569318891443,0.7099269498990115,0.7965266072011365,0.8005025838530253
0,CAT_full_rmse,Mandaue City,Tier 2,199,0.4358329400393155,0.2747967160516198,0.8644452096028841,1.0489618714475797,0.5834681313218075
0,CAT_full_rmse,Palayan City,Tier 2,202,0.29034230443210235,0.15642323815450174,0.9519862584622238,1.0034846238869968,0.46058340306057144
0,CAT_full_rmse,Tacloban City,Tier 2,199,0.3796455713858128,0.27880546216048196,0.7289138666743319,0.7592275182581856,0.6084334632897295
0,CAT_full_rmse,Zamboanga City,Tier 1,200,16.559865940659076,2.263849341579629,7.403062427525206,31.85108470106301,5.058268917913145
0,RF_full,Cagayan de Oro City,Tier 2,200,1.5173068242314633,0.6121356397306397,1.4680807368214774,2.85896396530928,1.3547952081060137
0,RF_full,City of Mandaluyong,Tier 2,202,0.610931895206065,0.3274479525333486,1.0572821281599059,1.2200624378650429,0.8013221020519715
0,RF_full,City of Muntinlupa,Tier 2,202,0.480939843158446,0.23977238200010476,0.9896257188865885,1.1618268743192244,0.5556698057026906
0,RF_full,City of Navotas,Tier 1,202,0.9655768500941998,0.5862562125260145,1.1357928859240336,1.4415386009169158,1.291327284967897
0,RF_full,Dagupan City,Tier 1,202,0.7451212111505114,0.4255496144852581,1.1769135676492821,1.5110160790163134,0.8903548013039427
0,RF_full,Davao City,Tier 1,200,1.7720226814468603,1.1493900925925926,1.379139849862072,2.0334294639817183,1.8633318670583678
0,RF_full,Iloilo City,Tier 1,200,2.4279776177408974,1.6433355874218376,1.9789574422260992,2.8462994224049414,2.017438091105065
0,RF_full,Legazpi City,Tier 2,200,0.3785858881023809,0.2002917846967847,0.8973501082251082,0.9912205901460424,0.607284803116934
0,RF_full,Mandaue City,Tier 2,199,0.39333105875933494,0.14980057031187682,1.0789473684210524,1.2274798543122563,0.637284402229648
0,RF_full,Palayan City,Tier 2,202,0.2822262784847381,0.13121556564997158,1.0743541666666667,1.1279657066669477,0.40922603883557745
0,RF_full,Tacloban City,Tier 2,199,0.32602498138849656,0.2006814229879557,0.843957423941799,0.864735264175177,0.5201103969534696
0,RF_full,Zamboanga City,Tier 1,200,15.056135124922164,2.10816120971621,6.623163702723889,28.96305680641762,4.675642506360885
1,A_all_zero,Cagayan de Oro City,Tier 2,197,0.8490065858055029,0.3553299492385787,1.3725490196078431,1.6686262989328067,4.537297539708141
1,A_all_zero,City of Mandaluyong,Tier 2,200,0.7968688725254613,0.335,1.488888888888889,1.679947089113887,4.305206147163834
1,A_all_zero,City of Muntinlupa,Tier 2,200,0.5049752469181039,0.155,1.3478260869565217,1.4890907643081486,1.9547726482493448
1,A_all_zero,City of Navotas,Tier 1,200,1.0677078252031311,0.48,1.6,1.9493588689617927,6.297548550994369
1,A_all_zero,Dagupan City,Tier 1,200,0.9110433579144299,0.31,1.7714285714285714,2.177810171446801,4.14303628723574
1,A_all_zero,Davao City,Tier 1,197,2.0101266470189976,1.2385786802030456,2.121739130434783,2.630919825923014,16.997484480238494
1,A_all_zero,Iloilo City,Tier 1,197,3.620303714437723,2.284263959390863,3.3834586466165413,4.4060791906848955,33.913133902569086
1,A_all_zero,Legazpi City,Tier 2,197,0.3702105314053772,0.116751269035533,1.0952380952380953,1.1338934190276817,1.409623960800294
1,A_all_zero,Mandaue City,Tier 2,196,0.384654629081036,0.10714285714285714,1.1666666666666667,1.2692955176439846,1.3157244090382563
1,A_all_zero,Palayan City,Tier 2,200,0.2345207879911715,0.045,1.125,1.1726039399558574,0.5475609187195913
1,A_all_zero,Tacloban City,Tier 2,196,0.2766416675862441,0.07653061224489796,1.0,1.0,0.9062482569870617
1,A_all_zero,Zamboanga City,Tier 1,197,7.817395674193776,1.0710659898477157,3.9074074074074074,14.931324269616692,18.91711123074909
1,B_persistence,Cagayan de Oro City,Tier 2,197,1.0898702945228156,0.5888324873096447,1.3137254901960784,1.7986923354612536,4.160957168475712
1,B_persistence,City of Mandaluyong,Tier 2,200,0.85146931829632,0.405,1.0444444444444445,1.3416407864998738,2.4399096463061682
1,B_persistence,City of Muntinlupa,Tier 2,200,0.6557438524302001,0.25,1.1304347826086956,1.3831281496162493,1.7740683069149958
1,B_persistence,City of Navotas,Tier 1,200,1.2449899597988732,0.62,1.0666666666666667,1.4605934866804429,3.0124781171365345
1,B_persistence,Dagupan City,Tier 1,200,0.8774964387392122,0.36,1.2285714285714286,1.5399443403670703,1.8857925208949775
1,B_persistence,Davao City,Tier 1,197,2.0661644496493796,1.3045685279187818,1.4956521739130435,2.089310266883391,6.042332594086864
1,B_persistence,Iloilo City,Tier 1,197,2.3769194754752214,1.649746192893401,2.075187969924812,2.7255405754769875,5.432268344236089
1,B_persistence,Legazpi City,Tier 2,197,0.4884451660146159,0.2182741116751269,0.9523809523809523,0.9759000729485332,1.322692220750439
1,B_persistence,Mandaue City,Tier 2,196,0.5200078492343227,0.18877551020408162,1.0,1.2018504251546631,1.2713961611149045
1,B_persistence,Palayan City,Tier 2,200,0.33166247903553997,0.09,1.125,1.1726039399558574,0.6374809187195912
1,B_persistence,Tacloban City,Tier 2,196,0.35714285714285715,0.12755102040816327,0.8,0.8944271909999159,0.8578884015080167
1,B_persistence,Zamboanga City,Tier 1,197,10.775983825673066,1.766497461928934,5.555555555555555,20.538130752695455,7.909861796839697
1,C_poisson_regression,Cagayan de Oro City,Tier 2,197,0.8317485423375937,0.6362455314381257,0.7584856890820674,1.2498705325506239,1.229654706602338
1,C_poisson_regression,City of Mandaluyong,Tier 2,200,0.6379486584045587,0.4535232859851266,0.8507220096257887,1.0846154101674428,0.7975463375015349
1,C_poisson_regression,City of Muntinlupa,Tier 2,200,1.0186105844497035,0.8466369022963126,0.8543341353647872,1.0679928895938973,1.560323565307318
1,C_poisson_regression,City of Navotas,Tier 1,200,0.8516306697487567,0.49493015205338237,1.1822178001069819,1.510214633835512,1.0551604990026606
1,C_poisson_regression,Dagupan City,Tier 1,200,0.7688091349658993,0.474881525353214,1.184937841995881,1.5985243967293234,0.8812409441168803
1,C_poisson_regression,Davao City,Tier 1,197,1.5000672122290652,1.0656739377349458,1.06481893213554,1.7093170082149802,1.6116630880320117
1,C_poisson_regression,Iloilo City,Tier 1,197,2.5993430747204704,1.824367974522591,1.8992541300602443,2.812334760320177,2.485631625400783
1,C_poisson_regression,Legazpi City,Tier 2,197,0.8044694074808715,0.6477334637662525,0.38500875187181416,0.4904948097844613,1.2509995559001068
1,C_poisson_regression,Mandaue City,Tier 2,196,0.7283736007805207,0.6773913857499434,0.3765983841225304,0.6704019009405368,1.3230395953404157
1,C_poisson_regression,Palayan City,Tier 2,200,0.5852981970030385,0.4949750487529261,0.608837473540129,0.706168204789256,0.9721091057691227
1,C_poisson_regression,Tacloban City,Tier 2,196,0.6609093589655387,0.5652222732869054,0.39029898765540705,0.42873460477957137,1.0930872894518395
1,C_poisson_regression,Zamboanga City,Tier 1,197,7.701013819952073,1.3088245197643484,3.233440075486678,14.67605322076072,5.382990502856982
1,XGB_case_only_pois,Cagayan de Oro City,Tier 2,197,1.0955754696210884,0.6515377398372302,1.226537657134673,1.8907765146471183,1.3847377457927397
1,XGB_case_only_pois,City of Mandaluyong,Tier 2,200,0.7462416328351782,0.5021791695058346,0.9625919183095296,1.2004433315393028,0.9653059350806739
1,XGB_case_only_pois,City of Muntinlupa,Tier 2,200,0.569092284994092,0.37687436953186987,0.9856164079645405,1.2153242838169906,0.8006937845413812
1,XGB_case_only_pois,City of Navotas,Tier 1,200,3.3202536752849285,0.8918711802363396,0.9972499936819077,1.3837286820057642,1.726356077075522
1,XGB_case_only_pois,Dagupan City,Tier 1,200,0.7367155553341264,0.461904164403677,1.088060461623328,1.3658128890217884,0.8656836222426867
1,XGB_case_only_pois,Davao City,Tier 1,197,3.7637578142400683,1.4484797941549175,1.3599583104900692,2.0710700594263445,2.6628219066301946
1,XGB_case_only_pois,Iloilo City,Tier 1,197,4.179308727559645,2.015636594011094,2.593435263051126,5.022058999990148,2.9182824340695506
1,XGB_case_only_pois,Legazpi City,Tier 2,197,0.4333496764559693,0.34278025133960743,0.7973039519219172,0.8309457642159193,0.6649152601348621
1,XGB_case_only_pois,Mandaue City,Tier 2,196,0.46471931833146374,0.3303772904434983,0.8515600827005174,1.0235987854605813,0.6798040517028605
1,XGB_case_only_pois,Palayan City,Tier 2,200,0.32044365634647765,0.2564009861648083,0.8960232026875019,0.9622142396214302,0.5206357894337352
1,XGB_case_only_pois,Tacloban City,Tier 2,196,0.3350524336785281,0.2817378778542791,0.7081335067749024,0.734147412830897,0.5573437260197723
1,XGB_case_only_pois,Zamboanga City,Tier 1,197,10.575374946729326,1.9339019878564148,5.02942456415406,19.228269547198458,5.917972768596074
1,XGB_case_only_sq,Cagayan de Oro City,Tier 2,197,1.1427494161655023,0.6577404922791544,1.2483388299451155,1.9970498729815385,1.390068072641299
1,XGB_case_only_sq,City of Mandaluyong,Tier 2,200,0.7351603180656444,0.49774739660322664,0.9493772321277194,1.194105566470752,0.9563940002951722
1,XGB_case_only_sq,City of Muntinlupa,Tier 2,200,0.5723176326994639,0.38086820863187315,0.9856047040742376,1.2130011920345578,0.804839674942537
1,XGB_case_only_sq,City of Navotas,Tier 1,200,3.394811027881968,0.8897513154149056,0.9894417464733124,1.3781467159917309,1.7213925395191552
1,XGB_case_only_sq,Dagupan City,Tier 1,200,0.7312763777368511,0.4614106919616461,1.0705090305634908,1.346134962778065,0.8629121694129691
1,XGB_case_only_sq,Davao City,Tier 1,197,3.957618510828871,1.5036893714654265,1.43045063705548,2.3060279701814332,2.7662238096071228
1,XGB_case_only_sq,Iloilo City,Tier 1,197,4.35626350804842,2.0736506777215125,2.6845696058712507,5.241108801367816,3.057173760585324
1,XGB_case_only_sq,Legazpi City,Tier 2,197,0.43263318365019077,0.3450815637553404,0.7940684429236821,0.8285385120578775,0.6676622780178544
1,XGB_case_only_sq,Mandaue City,Tier 2,196,0.4643531729897939,0.33287201259209187,0.8519623676935831,1.0248295158385634,0.682136710791946
1,XGB_case_only_sq,Palayan City,Tier 2,200,0.3209898813360715,0.2599585822969675,0.8911243844777346,0.957704649765949,0.5265140897631043
1,XGB_case_only_sq,Tacloban City,Tier 2,196,0.3349473538157242,0.2843993883199838,0.6999603311220804,0.7297138075446266,0.5616406664641038
1,XGB_case_only_sq,Zamboanga City,Tier 1,197,10.792397935606264,1.9697628159662188,5.129021588574957,19.61396395643467,6.074183439604922
1,XGB_case_weather_pois,Cagayan de Oro City,Tier 2,197,0.8345112906526083,0.5474595259213205,1.0083429318140535,1.4106606235082142,1.2257738241463265
1,XGB_case_weather_pois,City of Mandaluyong,Tier 2,200,0.6841559812105059,0.3708894599787891,1.0810814768075943,1.249806431720593,0.7928943360673021
1,XGB_case_weather_pois,City of Muntinlupa,Tier 2,200,0.46209878401052656,0.24809126848354934,0.9539675343295803,1.189149885774145,0.5520258911112186
1,XGB_case_weather_pois,City of Navotas,Tier 1,200,0.6954133981829118,0.43538098599761726,0.9483419929941496,1.1588789919766411,0.9543196381347522
1,XGB_case_weather_pois,Dagupan City,Tier 1,200,0.8692866159277818,0.4169191114604473,1.2344289717929704,1.8219555583049556,0.7620501096858624
1,XGB_case_weather_pois,Davao City,Tier 1,197,1.7932582360781246,1.1284399889787744,1.5233114156386127,2.12312421991294,2.418957834953414
1,XGB_case_weather_pois,Iloilo City,Tier 1,197,2.6098201393675406,1.722267969005604,2.2177956526104667,2.9987082101919764,2.50294114098858
1,XGB_case_weather_pois,Legazpi City,Tier 2,197,0.3561092385538417,0.2491362882863144,0.8760774337819645,0.9143584042798251,0.5321312878365442
1,XGB_case_weather_pois,Mandaue City,Tier 2,196,0.3638086858123119,0.20062242644097733,0.9476116995016733,1.1054773316769115,0.49571622881481053
1,XGB_case_weather_pois,Palayan City,Tier 2,200,0.2724957049601848,0.19320019831880927,0.8618276547640562,0.9529584222987079,0.40337977982459533
1,XGB_case_weather_pois,Tacloban City,Tier 2,196,0.3458137128256487,0.2747211923480642,0.713470991452535,0.7343774285966668,0.5415439140635987
1,XGB_case_weather_pois,Zamboanga City,Tier 1,197,7.6329706468132255,1.2346239141023099,3.5911105887757406,14.55926431373912,4.588179664536776
1,XGB_case_weather_sq,Cagayan de Oro City,Tier 2,197,0.9217231960287207,0.5998396992064104,1.0417409704395515,1.4227516563337483,1.4606239701340784
1,XGB_case_weather_sq,City of Mandaluyong,Tier 2,200,0.7531946953934431,0.3737707039527595,0.9883652039286163,1.168323108690857,0.7947320349918394
1,XGB_case_weather_sq,City of Muntinlupa,Tier 2,200,0.5386221745740205,0.26832586477510634,1.055184650518324,1.3455641860765324,0.5951358011192883
1,XGB_case_weather_sq,City of Navotas,Tier 1,200,0.9585590019542763,0.5332762866839766,1.038729903070877,1.2384819737714816,1.1625119053121749
1,XGB_case_weather_sq,Dagupan City,Tier 1,200,0.735442816803194,0.42168762505985796,1.1421050777392727,1.4038487562650155,0.7730019899329605
1,XGB_case_weather_sq,Davao City,Tier 1,197,23.438838302493597,2.9632636468649514,1.7953193663902904,4.188485092113044,5.94050771420974
1,XGB_case_weather_sq,Iloilo City,Tier 1,197,3.156597491156735,1.790309143399224,2.3242627692625937,3.7314402154634965,2.6077924203948504
1,XGB_case_weather_sq,Legazpi City,Tier 2,197,0.3782566876372873,0.25382566976235105,0.8484057957040412,0.8904208121008909,0.5623388871495472
1,XGB_case_weather_sq,Mandaue City,Tier 2,196,0.3803695546169831,0.2016294742554274,0.932540870582064,1.1051509701068563,0.5418871151991618
1,XGB_case_weather_sq,Palayan City,Tier 2,200,0.549261349342894,0.2795278987917118,0.8932111114263535,0.972379795388775,0.5828526356763528
1,XGB_case_weather_sq,Tacloban City,Tier 2,196,0.4718659705243806,0.28947004525713166,0.6972096969683965,0.7271205449555298,0.575498756138894
1,XGB_case_weather_sq,Zamboanga City,Tier 1,197,8.817533784268567,1.3812384788646612,4.334803674301064,16.831434485453645,5.098582606126844
1,XGB_full_pois,Cagayan de Oro City,Tier 2,197,0.8137776728282846,0.5170790907468288,1.0538286227805942,1.4405261468525992,1.2026143270033556
1,XGB_full_pois,City of Mandaluyong,Tier 2,200,0.6971673897299528,0.34690684934146704,1.1972234406405025,1.374205136229212,0.9404337363036518
1,XGB_full_pois,City of Muntinlupa,Tier 2,200,0.454284383891327,0.24147214628756047,0.9436233759574268,1.1700502886944746,0.5285859244985815
1,XGB_full_pois,City of Navotas,Tier 1,200,0.7774031154538195,0.4672824225947261,1.0029626576850812,1.2773542405606941,0.9712677133677257
1,XGB_full_pois,Dagupan City,Tier 1,200,0.8753133172485895,0.44095113411545755,1.2654588733400618,1.746757638531959,0.7843957085607347
1,XGB_full_pois,Davao City,Tier 1,197,1.697612082101611,1.1091989531432311,1.357746736381365,1.9776283766273342,1.9584587722596594
1,XGB_full_pois,Iloilo City,Tier 1,197,2.582545595468887,1.7379661706952274,2.132275794569711,2.9309188976629215,2.119656665150095
1,XGB_full_pois,Legazpi City,Tier 2,197,0.349798764306578,0.18199106857067135,1.0006201597196716,1.0373271127876649,0.5217991631571024
1,XGB_full_pois,Mandaue City,Tier 2,196,0.3674626457005619,0.1436133713993643,1.082099546574884,1.2001017832367935,0.5237754219904487
1,XGB_full_pois,Palayan City,Tier 2,200,0.23819310639835115,0.11973601173609495,1.0422778981737792,1.0924784007198298,0.3123239770083394
1,XGB_full_pois,Tacloban City,Tier 2,196,0.28495821591091497,0.19805291926070134,0.8383188883463542,0.8412954662289481,0.4282892631344798
1,XGB_full_pois,Zamboanga City,Tier 1,197,7.6504542495492425,1.2354346569722074,3.3867709363500276,14.592423293218163,4.833785008485365
1,XGB_full_sq,Cagayan de Oro City,Tier 2,197,2.2150530419772005,0.8334231622479289,1.7777453418821096,4.104618008694284,1.7420307242733095
1,XGB_full_sq,City of Mandaluyong,Tier 2,200,0.7104797043425992,0.3477076983905863,1.0413570271597967,1.2364866240387178,0.9616756976303968
1,XGB_full_sq,City of Muntinlupa,Tier 2,200,0.5195140382152748,0.2876582952216268,0.9999304676185483,1.2541932846404533,0.5905831410551385
1,XGB_full_sq,City of Navotas,Tier 1,200,0.9046283583407705,0.5262211846746504,1.0659347988665104,1.3421875910545427,1.094950549243888
1,XGB_full_sq,Dagupan City,Tier 1,200,0.8971491158329561,0.4705306914448738,1.2998258462974004,1.7300343355390773,1.2487318034329447
1,XGB_full_sq,Davao City,Tier 1,197,17.6147972344043,2.3443972843552605,1.3757152502951415,2.0259119139283004,4.489917413507861
1,XGB_full_sq,Iloilo City,Tier 1,197,2.5999154012791155,1.717570512881739,2.021076239589462,2.94254087667378,2.230858265239325
1,XGB_full_sq,Legazpi City,Tier 2,197,0.38191792499509475,0.2076901590562695,0.955274186318829,0.9854127180950376,0.6816294118539779
1,XGB_full_sq,Mandaue City,Tier 2,196,0.37115406817057295,0.14293395957852506,1.0364535280192892,1.1809482961297155,0.7759636429043848
1,XGB_full_sq,Palayan City,Tier 2,200,0.33087770283543205,0.15972674744203685,1.0125591792166233,1.0594913124851533,0.40615870990989605
1,XGB_full_sq,Tacloban City,Tier 2,196,0.37535477471119805,0.16699416379026155,0.8913701669623454,0.898846889084017,0.49796106896325465
1,XGB_full_sq,Zamboanga City,Tier 1,197,8.826118811272272,1.504439384577238,4.516503411586638,16.844143208785063,5.458316103966495
1,CAT_case_only_pois,Cagayan de Oro City,Tier 2,197,0.9991579561946029,0.6232512713352726,1.173686994831723,1.7433250272942353,1.2954370149609125
1,CAT_case_only_pois,City of Mandaluyong,Tier 2,200,0.7336874413025134,0.5045463318932554,0.9614598535890767,1.2139724902269684,0.9620680518861916
1,CAT_case_only_pois,City of Muntinlupa,Tier 2,200,0.5510903465174853,0.38618798921366726,0.9683508476829673,1.1980842730394903,0.8008299774363298
1,CAT_case_only_pois,City of Navotas,Tier 1,200,3.1792657258151116,0.8901585088482271,1.0186448192624027,1.419197642039438,1.7131517429832968
1,CAT_case_only_pois,Dagupan City,Tier 1,200,0.8370397137313703,0.4901361489075424,1.1236955933423152,1.42390582255467,0.9015363510078092
1,CAT_case_only_pois,Davao City,Tier 1,197,3.6619120324376353,1.464493919031095,1.4372854458871547,2.1328330993768447,2.7138544484782017
1,CAT_case_only_pois,Iloilo City,Tier 1,197,3.941590421947511,1.9762786419149176,2.5338363608178196,4.6977658784550895,2.856554152812527
1,CAT_case_only_pois,Legazpi City,Tier 2,197,0.42406482644877563,0.3548738721936365,0.7778495992321495,0.813251978893172,0.67806403157031
1,CAT_case_only_pois,Mandaue City,Tier 2,196,0.44489870293944817,0.340184401604427,0.819092146844672,0.9988594323511493,0.6872199876185727
1,CAT_case_only_pois,Palayan City,Tier 2,200,0.3253405050764916,0.27826599548355985,0.8693378028434593,0.9364180151008259,0.5574161635782109
1,CAT_case_only_pois,Tacloban City,Tier 2,196,0.3415434071806553,0.3015924148639604,0.6797687020867691,0.7082397719276885,0.5881376688172637
1,CAT_case_only_pois,Zamboanga City,Tier 1,197,10.513966064330528,1.8963341385973402,4.948971650615926,19.2125851651258,6.186160566829455
1,CAT_case_only_rmse,Cagayan de Oro City,Tier 2,197,1.0277679882078519,0.6357622288949111,1.1993069940696042,1.8121191919265813,1.2917390013651797
1,CAT_case_only_rmse,City of Mandaluyong,Tier 2,200,0.7318349440231969,0.5130772245493095,0.9328960019843252,1.1788007356964345,0.961542875797484
1,CAT_case_only_rmse,City of Muntinlupa,Tier 2,200,0.5554191764321225,0.40698466447508425,0.9511126712845985,1.1800999012368727,0.826722909610288
1,CAT_case_only_rmse,City of Navotas,Tier 1,200,2.8724281041858672,0.886587746179017,1.0258331774360794,1.460943127766045,1.7129172509704327
1,CAT_case_only_rmse,Dagupan City,Tier 1,200,0.8712622982505157,0.5188500188885644,1.181696669270067,1.5687307711704241,0.9585302346018709
1,CAT_case_only_rmse,Davao City,Tier 1,197,3.3254607988457385,1.445255204047988,1.4779402401193362,2.139598031051578,2.646701568268838
1,CAT_case_only_rmse,Iloilo City,Tier 1,197,3.6352866076370183,1.921374747508169,2.4708469457033693,4.325443012540591,2.8378342267588934
1,CAT_case_only_rmse,Legazpi City,Tier 2,197,0.4327362226040115,0.37463280337454197,0.7568843979971704,0.787595802878916,0.70712144722049
1,CAT_case_only_rmse,Mandaue City,Tier 2,196,0.4660876969462851,0.3652971955394472,0.7884593564438305,0.9740754396080825,0.7269213373332845
1,CAT_case_only_rmse,Palayan City,Tier 2,200,0.34931112887815474,0.30813028569538786,0.8472712156386992,0.9126984699791976,0.6112143569538873
1,CAT_case_only_rmse,Tacloban City,Tier 2,196,0.3552239077067204,0.325365302420909,0.6590102976387926,0.6780618423110658,0.62599323396908
1,CAT_case_only_rmse,Zamboanga City,Tier 1,197,10.16978070687516,1.8705082536814392,4.9366690313246195,18.724633871799323,6.314806379224649
1,CAT_case_weather_pois,Cagayan de Oro City,Tier 2,197,0.866851332342422,0.5915995907598531,0.9983841941038619,1.419705642019711,1.1910879472744347
1,CAT_case_weather_pois,City of Mandaluyong,Tier 2,200,0.7951016222455234,0.4023327345649406,1.0430733280696574,1.2363442193999885,0.8088607561320812
1,CAT_case_weather_pois,City of Muntinlupa,Tier 2,200,0.4802368063036298,0.2777701535725528,0.9539539809136793,1.1707173087961953,0.5699639458542402
1,CAT_case_weather_pois,City of Navotas,Tier 1,200,0.8481449615028547,0.49381910418411534,1.0186090058528783,1.2398553841913165,1.075937997924529
1,CAT_case_weather_pois,Dagupan City,Tier 1,200,0.7735761643536572,0.4055324091833614,1.20005410126651,1.6200915137000198,0.7427397073753998
1,CAT_case_weather_pois,Davao City,Tier 1,197,2.2773869447506057,1.225915383661268,1.4678256306341506,2.077035061369162,2.366165049737865
1,CAT_case_weather_pois,Iloilo City,Tier 1,197,2.5310600617533567,1.6712878358899514,2.180250667369562,2.93407236721363,2.6471786491760407
1,CAT_case_weather_pois,Legazpi City,Tier 2,197,0.37428483652488337,0.30122058727034384,0.7898651233338752,0.8360216588510222,0.5859515704234279
1,CAT_case_weather_pois,Mandaue City,Tier 2,196,0.3728310719735139,0.23539938825740914,0.9190876291921586,1.0756125033885815,0.5285595512148344
1,CAT_case_weather_pois,Palayan City,Tier 2,200,0.30113733136558873,0.24644808841670646,0.8624953159808911,0.9237707132720452,0.4907903699495163
1,CAT_case_weather_pois,Tacloban City,Tier 2,196,0.39425889669081776,0.335441589184009,0.650923777642537,0.6676654336811625,0.6429346473482569
1,CAT_case_weather_pois,Zamboanga City,Tier 1,197,7.777933643807846,1.281961606398264,3.8229564143089827,14.836315528254676,5.078755554462653
1,CAT_case_weather_rmse,Cagayan de Oro City,Tier 2,197,0.9870177199326693,0.6306377238279509,0.959264203632031,1.3831906183036564,1.2581541830032181
1,CAT_case_weather_rmse,City of Mandaluyong,Tier 2,200,0.6957267709321967,0.3688023773829506,0.9553710982098145,1.1651372682358294,0.7392132791708319
1,CAT_case_weather_rmse,City of Muntinlupa,Tier 2,200,0.4753728836356666,0.2718186406249219,0.8295602393608023,1.050269111901747,0.511764278996673
1,CAT_case_weather_rmse,City of Navotas,Tier 1,200,1.27387129131452,0.5508118451568912,0.9889494578397645,1.270616160826929,1.4431946741873007
1,CAT_case_weather_rmse,Dagupan City,Tier 1,200,0.8538444756991157,0.4265387022450476,1.3023342245312517,1.7882007120118575,0.8015729258536333
1,CAT_case_weather_rmse,Davao City,Tier 1,197,8.73250374722537,1.8466828364725734,1.6148455960044428,2.438417876938855,3.6276702287592095
1,CAT_case_weather_rmse,Iloilo City,Tier 1,197,2.6639897406516893,1.6285911344487023,2.1897484963828577,3.1923339017652315,2.7440640635149247
1,CAT_case_weather_rmse,Legazpi City,Tier 2,197,0.4391875031733932,0.3579247342029302,0.7072809363453233,0.7727145115819372,0.689642922148385
1,CAT_case_weather_rmse,Mandaue City,Tier 2,196,0.3765763876334444,0.2223664007280791,0.9122440395986597,1.0789026560965942,0.530282850673436
1,CAT_case_weather_rmse,Palayan City,Tier 2,200,0.3654371597071908,0.2975378762663335,0.8815282401860829,0.9456604447308788,0.6160029950740809
1,CAT_case_weather_rmse,Tacloban City,Tier 2,196,0.39332730585237813,0.3210766460577415,0.6970944998504831,0.717055641742363,0.6284365740081399
1,CAT_case_weather_rmse,Zamboanga City,Tier 1,197,8.660393162357403,1.4915820675291585,4.493681728626147,16.5090137476719,5.506898404071201
1,CAT_full_pois,Cagayan de Oro City,Tier 2,197,0.8778933361270017,0.5585460645560251,1.0543187782724193,1.5363942152999475,1.1446233865316866
1,CAT_full_pois,City of Mandaluyong,Tier 2,200,0.7043309471645697,0.3835891818901929,1.1137717187141092,1.3073483778341157,0.8175052551066887
1,CAT_full_pois,City of Muntinlupa,Tier 2,200,0.47081767862796253,0.2829302903080745,0.9337297069207903,1.1537882078645667,0.566379679414859
1,CAT_full_pois,City of Navotas,Tier 1,200,0.8345333618864472,0.47892565231278156,1.1029805890878117,1.359728406600162,1.1229764782782352
1,CAT_full_pois,Dagupan City,Tier 1,200,0.7554562363440238,0.4179946943541649,1.2554249040777603,1.581184690545357,0.7632009577528308
1,CAT_full_pois,Davao City,Tier 1,197,1.6643061464348141,1.115137186636668,1.3171972071797577,1.937846218882106,1.8702665548941022
1,CAT_full_pois,Iloilo City,Tier 1,197,2.457442222006729,1.6317139896405555,2.0121115038646473,2.800521977230603,2.1601136131472964
1,CAT_full_pois,Legazpi City,Tier 2,197,0.35428870429382864,0.25298417611739094,0.8729674763364208,0.9145248775122139,0.5303994571407418
1,CAT_full_pois,Mandaue City,Tier 2,196,0.364933172827349,0.20681245221598749,0.9761461253977028,1.1156485928098787,0.5032077500328938
1,CAT_full_pois,Palayan City,Tier 2,200,0.2522710423023616,0.1656101201999573,0.9765292612172571,1.0292410659115339,0.3652097872453599
1,CAT_full_pois,Tacloban City,Tier 2,196,0.31061748375018144,0.2377301746450268,0.7811846694453943,0.7881674892700674,0.4799137217587195
1,CAT_full_pois,Zamboanga City,Tier 1,197,7.806003991577993,1.3122863882631484,3.7698841525636877,14.885349757886752,5.062308218021835
1,CAT_full_rmse,Cagayan de Oro City,Tier 2,197,2.5961538593160363,0.8506187540244965,1.7560493966542203,4.9803984856502455,1.6110902598939072
1,CAT_full_rmse,City of Mandaluyong,Tier 2,200,0.7108915104430511,0.3881691392383306,0.9858022563290982,1.1861548301809997,0.7674585198914555
1,CAT_full_rmse,City of Muntinlupa,Tier 2,200,0.4873960816096971,0.32786921352139503,0.7397470749314125,0.9203667252858214,0.5917944622756651
1,CAT_full_rmse,City of Navotas,Tier 1,200,1.3687151694473747,0.5263990765094776,1.0684647075760225,1.3359495184115535,2.0461252274237776
1,CAT_full_rmse,Dagupan City,Tier 1,200,0.8287365826480219,0.4084909117613176,1.2906741428982131,1.7372032641281512,0.847718451275409
1,CAT_full_rmse,Davao City,Tier 1,197,5.738922200215747,1.5517864473861245,1.4069848564026055,2.063294520690161,2.8185610563759087
1,CAT_full_rmse,Iloilo City,Tier 1,197,2.467419961964195,1.6153292071118004,1.9786614180871096,2.8962005634967127,2.124501358788742
1,CAT_full_rmse,Legazpi City,Tier 2,197,0.39098753003263387,0.2385754888396498,0.894729114925751,0.9376799237126229,0.6996275670492508
1,CAT_full_rmse,Mandaue City,Tier 2,196,0.3746742054017649,0.17909804720093425,0.9511142778011032,1.115942544568659,0.6585350196060266
1,CAT_full_rmse,Palayan City,Tier 2,200,0.24824505557527202,0.12177278872244017,1.0412045248803943,1.0885397660065803,0.3627148309263709
1,CAT_full_rmse,Tacloban City,Tier 2,196,0.3270356166229002,0.1891429809363061,0.8268736322015755,0.8436460096506969,0.4484928159211518
1,CAT_full_rmse,Zamboanga City,Tier 1,197,8.906434403413968,1.5813366824009896,4.4906100737929355,16.95038260373445,6.251139129956441
1,RF_full,Cagayan de Oro City,Tier 2,197,8.722679343151109,1.4101076489312527,4.400930292837156,17.1201807538919,2.985510022492042
1,RF_full,City of Mandaluyong,Tier 2,200,0.9388610355490885,0.37840620370370365,1.1131073486184597,1.3220206347672991,1.063961209369789
1,RF_full,City of Muntinlupa,Tier 2,200,0.46680545653714106,0.23735271284271284,0.9556145617667358,1.1149676885672835,0.4988185816470069
1,RF_full,City of Navotas,Tier 1,200,0.9132786612712772,0.5207285040885041,0.9527598504890172,1.1622430248564268,1.0929980263094852
1,RF_full,Dagupan City,Tier 1,200,0.8804962958411813,0.4798569167869167,1.2619197278911567,1.6425701708689793,0.9054332097285066
1,RF_full,Davao City,Tier 1,197,2.8323977496045885,1.2503911345751448,1.3250986134638307,1.917079873851232,2.2963069291193343
1,RF_full,Iloilo City,Tier 1,197,2.4929586324591995,1.716473890604601,1.9763723840904293,2.806950054298808,2.1825465447200862
1,RF_full,Legazpi City,Tier 2,197,0.379499618336841,0.20558117066238893,1.0074928193499622,1.0415065181574503,0.6063915717920947
1,RF_full,Mandaue City,Tier 2,196,0.37568760087512976,0.14336894638807904,1.0772976190476191,1.2034431329229496,0.6542592275549155
1,RF_full,Palayan City,Tier 2,200,0.32010626666907444,0.13610438492063492,1.036047619047619,1.0779964157750175,0.3544670254083965
1,RF_full,Tacloban City,Tier 2,196,0.2973799624425845,0.20112014091350827,0.8112626984126983,0.8250913840993205,0.4494606847696458
1,RF_full,Zamboanga City,Tier 1,197,8.686257923130206,1.5904367295141406,4.580337448559671,16.563528675033904,5.460417934520344
2,A_all_zero,Cagayan de Oro City,Tier 2,194,0.8525280779606852,0.3556701030927835,1.38,1.6792855623746665,4.5465263132192755
2,A_all_zero,City of Mandaluyong,Tier 2,198,0.8008833506910613,0.3383838383838384,1.488888888888889,1.679947089113887,4.348672875923065
2,A_all_zero,City of Muntinlupa,Tier 2,198,0.5075192189225523,0.15656565656565657,1.3478260869565217,1.4890907643081486,1.9744976244942876
2,A_all_zero,City of Navotas,Tier 1,198,1.0730867399773196,0.48484848484848486,1.6,1.9493588689617927,6.361139950499361
2,A_all_zero,Dagupan City,Tier 1,198,0.915633026044735,0.31313131313131315,1.7714285714285714,2.177810171446801,4.184864936601757
2,A_all_zero,Davao City,Tier 1,194,2.0192373777317183,1.2422680412371134,2.1327433628318584,2.6457513110645907,17.063295475313662
2,A_all_zero,Iloilo City,Tier 1,194,3.644654325809126,2.304123711340206,3.4122137404580153,4.435285303697028,34.24052710520607
2,A_all_zero,Legazpi City,Tier 2,194,0.36608826607349904,0.1134020618556701,1.1,1.140175425099138,1.3704866480396583
2,A_all_zero,Mandaue City,Tier 2,193,0.3876326448552972,0.10880829015544041,1.1666666666666667,1.2692955176439846,1.3361449957072447
2,A_all_zero,Palayan City,Tier 2,198,0.23570226039551584,0.045454545454545456,1.125,1.1726039399558574,0.5530716350702942
2,A_all_zero,Tacloban City,Tier 2,193,0.2787834414987483,0.07772020725388601,1.0,1.0,0.9203039293754617
2,A_all_zero,Zamboanga City,Tier 1,194,7.877607570254298,1.0876288659793814,3.9074074074074074,14.931324269616692,19.209612950812218
2,B_persistence,Cagayan de Oro City,Tier 2,194,1.0721401662480863,0.5618556701030928,1.2,1.6492422502470643,3.6041007661432225
2,B_persistence,City of Mandaluyong,Tier 2,198,0.9320337272260424,0.47474747474747475,1.2222222222222223,1.498147003616282,3.0529393021114974
2,B_persistence,City of Muntinlupa,Tier 2,198,0.6666666666666666,0.26262626262626265,1.173913043478261,1.3987572123604706,1.8617432926311284
2,B_persistence,City of Navotas,Tier 1,198,1.2949006435891817,0.7474747474747475,1.4,1.7320508075688772,4.1610080324662935
2,B_persistence,Dagupan City,Tier 1,198,1.0777829844714388,0.4444444444444444,1.4,1.7647338933351153,2.579201270502084
2,B_persistence,Davao City,Tier 1,194,2.094420668859131,1.3144329896907216,1.6371681415929205,2.444064509671058,7.35241167602892
2,B_persistence,Iloilo City,Tier 1,194,2.8046353384073477,1.8453608247422681,2.3282442748091605,3.242136700029687,6.96786201991086
2,B_persistence,Legazpi City,Tier 2,194,0.497416003373807,0.20618556701030927,0.9,1.0488088481701516,1.3534245746795697
2,B_persistence,Mandaue City,Tier 2,193,0.5338296481690097,0.19170984455958548,0.9444444444444444,1.1785113019775793,1.2983105799981407
2,B_persistence,Palayan City,Tier 2,198,0.3178208630818641,0.08080808080808081,1.0,1.118033988749895,0.5741246120502727
2,B_persistence,Tacloban City,Tier 2,193,0.3808906932536602,0.14507772020725387,0.9333333333333333,0.9660917830792959,1.0040059472098437
2,B_persistence,Zamboanga City,Tier 1,194,10.939854312153066,1.9175257731958764,5.703703703703703,20.55075018906447,8.871954042401496
2,C_poisson_regression,Cagayan de Oro City,Tier 2,194,0.8556226268720026,0.656349796189341,0.7701866075504523,1.2778443606136503,1.2979815602782119
2,C_poisson_regression,City of Mandaluyong,Tier 2,198,0.6804371125192604,0.4735017377011327,0.9036431473783361,1.1674516688079637,0.8562275252833546
2,C_poisson_regression,City of Muntinlupa,Tier 2,198,1.040669690400695,0.8532283329858875,0.8328662996791591,1.1264528780423873,1.5853752014040294
2,C_poisson_regression,City of Navotas,Tier 1,198,0.9116221479813215,0.5236292459103709,1.2272152613022522,1.5903458023172563,1.1767147352318847
2,C_poisson_regression,Dagupan City,Tier 1,198,0.7762418287666242,0.49814625168511,1.2114867752859408,1.563032256950356,0.9125137995147876
2,C_poisson_regression,Davao City,Tier 1,194,1.5428164344357658,1.0887995202914043,1.0613802352311392,1.7379568556464915,1.6977685864116998
2,C_poisson_regression,Iloilo City,Tier 1,194,2.6372515574329864,1.813252945530752,1.9156425970172193,2.951900508537992,2.5447011180216665
2,C_poisson_regression,Legazpi City,Tier 2,194,0.8310662891443897,0.6696901123902128,0.49857351210670864,0.6184319027273214,1.2856712306475202
2,C_poisson_regression,Mandaue City,Tier 2,193,0.7421190877318741,0.6906687955265222,0.40593851285250226,0.6797897016063746,1.3439833407225257
2,C_poisson_regression,Palayan City,Tier 2,198,0.6163533708627018,0.5227119168573264,0.6975432830887984,0.7913564848950195,1.0289077487267777
2,C_poisson_regression,Tacloban City,Tier 2,193,0.6638190891192352,0.5640437929690445,0.3687148939097657,0.4184307497944249,1.092671120537386
2,C_poisson_regression,Zamboanga City,Tier 1,194,7.770293029814201,1.3313984020174545,3.1978834210040423,14.690785660698646,5.583582740945746
2,XGB_case_only_pois,Cagayan de Oro City,Tier 2,194,0.9745523731886083,0.6731365599583105,0.9054042088985443,1.3078211669329705,1.2669002821764428
2,XGB_case_only_pois,City of Mandaluyong,Tier 2,198,0.8099581266681187,0.6234920006809812,0.938213034470876,1.180666674315968,1.1438896124890783
2,XGB_case_only_pois,City of Muntinlupa,Tier 2,198,0.6213533524849755,0.5045533195288494,0.9190507427505825,1.1251232734542727,0.9777392691177496
2,XGB_case_only_pois,City of Navotas,Tier 1,198,1.141089618483425,0.7991206089053491,1.0421980023384094,1.4310460796762523,1.4419677734599323
2,XGB_case_only_pois,Dagupan City,Tier 1,198,0.89455100188801,0.6075224373677764,1.0900500893592835,1.5122294454550023,1.1310284273769005
2,XGB_case_only_pois,Davao City,Tier 1,194,1.8570043306439334,1.2345137497813432,1.4146328895492892,2.195007545700438,2.2563654124275296
2,XGB_case_only_pois,Iloilo City,Tier 1,194,3.1434262219541984,1.9623536740996175,2.4471414521450305,3.710195365476275,2.8598172932156487
2,XGB_case_only_pois,Legazpi City,Tier 2,194,0.5097571620892748,0.4603284784813517,0.6646904349327087,0.747108319493475,0.8732734305430639
2,XGB_case_only_pois,Mandaue City,Tier 2,193,0.5452391933253018,0.46513000671110005,0.736008925570382,0.9105062153216464,0.8988757854693901
2,XGB_case_only_pois,Palayan City,Tier 2,198,0.4182589718805619,0.3966301101626772,0.6542769446969032,0.7390658712439065,0.7724916495367047
2,XGB_case_only_pois,Tacloban City,Tier 2,193,0.43839078003335374,0.4191584812544788,0.6061450521151225,0.6108974897919632,0.7969731563120742
2,XGB_case_only_pois,Zamboanga City,Tier 1,194,8.504226161371607,1.63366276670977,4.268463991306446,16.05571782859451,5.52736256782769
2,XGB_case_only_sq,Cagayan de Oro City,Tier 2,194,0.9589501435922779,0.6710174983924198,0.883736738562584,1.2917072301928323,1.2590378376909905
2,XGB_case_only_sq,City of Mandaluyong,Tier 2,198,0.8069458734479497,0.6239948350973804,0.9246704041957855,1.1759253860485537,1.142904228992561
2,XGB_case_only_sq,City of Muntinlupa,Tier 2,198,0.6245161985864978,0.5102715969386727,0.9008239896401115,1.115660287910072,0.9884023444090874
2,XGB_case_only_sq,City of Navotas,Tier 1,198,1.143138790484327,0.7959386299956929,1.0423733085393905,1.4473947285826338,1.4335876668685439
2,XGB_case_only_sq,Dagupan City,Tier 1,198,0.8713475097557964,0.6020115621463217,1.0524836378438132,1.4901987542005852,1.1195708355194836
2,XGB_case_only_sq,Davao City,Tier 1,194,1.8675617815548828,1.2366269785411579,1.4234301281713806,2.2213213286965985,2.242077205220407
2,XGB_case_only_sq,Iloilo City,Tier 1,194,3.181660713155372,1.9419045895338058,2.4161397359753383,3.755994651325977,3.4380697452915547
2,XGB_case_only_sq,Legazpi City,Tier 2,194,0.5112668949296982,0.4654524251050556,0.649170634150505,0.7372401583844952,0.883608064817254
2,XGB_case_only_sq,Mandaue City,Tier 2,193,0.5468825966626362,0.4696334728614036,0.71526524093416,0.9021249326205216,0.9090384486552266
2,XGB_case_only_sq,Palayan City,Tier 2,198,0.4206927179516884,0.4014383872049023,0.6381414867937565,0.7241085686842573,0.7817134942129219
2,XGB_case_only_sq,Tacloban City,Tier 2,193,0.44249337928003335,0.4253678831411767,0.5964545389016469,0.602797648682554,0.8091430331456828
2,XGB_case_only_sq,Zamboanga City,Tier 1,194,9.151639179002151,1.7605426913684177,4.5923906520560935,17.23613332764553,5.79480150846203
2,XGB_case_weather_pois,Cagayan de Oro City,Tier 2,194,0.838280356242849,0.5593668651027778,0.9648426502197981,1.3625673555962088,1.1797321239353709
2,XGB_case_weather_pois,City of Mandaluyong,Tier 2,198,0.7316400367778376,0.4045107981020754,1.1037411393390761,1.3441596613340596,0.8915082431511442
2,XGB_case_weather_pois,City of Muntinlupa,Tier 2,198,0.49202902209905175,0.28317114234798485,0.978540224549563,1.180567583147371,0.5995443847540353
2,XGB_case_weather_pois,City of Navotas,Tier 1,198,1.1666673327748731,0.5852054256494298,1.1352537096788486,1.64930946114854,1.20765072006324
2,XGB_case_weather_pois,Dagupan City,Tier 1,198,0.9723120519701841,0.47858142905464074,1.119293539438929,1.4673552198035247,0.894949657595126
2,XGB_case_weather_pois,Davao City,Tier 1,194,1.6882441220972775,1.0638434875410856,1.4884572287576388,2.155712027711765,2.4481462042584314
2,XGB_case_weather_pois,Iloilo City,Tier 1,194,2.7941044022547357,1.8060063874521821,2.3066376245772564,3.2384764200161804,2.8469047916986727
2,XGB_case_weather_pois,Legazpi City,Tier 2,194,0.3605144238842188,0.2541419329102506,0.870960570126772,0.9360114762054768,0.5475873928374384
2,XGB_case_weather_pois,Mandaue City,Tier 2,193,0.3756660902082631,0.22378407932161667,0.9586802083584998,1.1069085091325677,0.5328372607116397
2,XGB_case_weather_pois,Palayan City,Tier 2,198,0.3028623306374588,0.21763370962192616,0.8110285960137844,0.8843157145573375,0.4296405967702196
2,XGB_case_weather_pois,Tacloban City,Tier 2,193,0.371161788337596,0.31065096424342437,0.6953759133815766,0.7044402451597778,0.5992592123390086
2,XGB_case_weather_pois,Zamboanga City,Tier 1,194,7.727098751925637,1.2349501821337288,3.459189430155136,14.617305697204722,4.993477630349891
2,XGB_case_weather_sq,Cagayan de Oro City,Tier 2,194,2.1841085953300117,0.8914836268948833,1.1363557437807321,1.5491996188197483,2.4040043144388052
2,XGB_case_weather_sq,City of Mandaluyong,Tier 2,198,0.7761146024576383,0.4217051405346755,1.1438093081116676,1.3766091859494238,1.0186684777593622
2,XGB_case_weather_sq,City of Muntinlupa,Tier 2,198,0.6784635195410774,0.3204251554079655,1.043443363321864,1.2353336339166674,0.7342842252663733
2,XGB_case_weather_sq,City of Navotas,Tier 1,198,1.7160139692387473,0.7966603038061146,1.5311494193971158,2.255629338735908,1.6382664607362196
2,XGB_case_weather_sq,Dagupan City,Tier 1,198,1.0000027146878077,0.5579117086123336,1.2584598913788796,1.7033223315678419,1.1550586348973346
2,XGB_case_weather_sq,Davao City,Tier 1,194,2.063785312205363,1.2298974285967956,1.68153819320641,2.588847716664628,3.749549624514802
2,XGB_case_weather_sq,Iloilo City,Tier 1,194,2.6800092044903154,1.6670725565144466,2.1330054800260725,3.1226134829532124,3.2817391639072255
2,XGB_case_weather_sq,Legazpi City,Tier 2,194,0.5919627438500575,0.31616561405466315,0.8922126130899415,0.9750703299704089,0.8398257266136415
2,XGB_case_weather_sq,Mandaue City,Tier 2,193,0.4732493774531808,0.25099518307885205,0.9677573202384843,1.12685142126172,0.6520021484133997
2,XGB_case_weather_sq,Palayan City,Tier 2,198,1.6268289391947348,0.46868239444765175,0.7107561323791742,0.863435400774293,0.9464304672802567
2,XGB_case_weather_sq,Tacloban City,Tier 2,193,1.07519243931067,0.3782018377720692,0.7823239624500274,0.7921452543414403,0.7685800372096607
2,XGB_case_weather_sq,Zamboanga City,Tier 1,194,8.08671596888438,1.4268541369856018,4.111105621688896,15.250952739976254,5.8490699929187375
2,XGB_full_pois,Cagayan de Oro City,Tier 2,194,0.8528118388273361,0.5454784154930373,1.0243632690608502,1.4195436696687298,1.2301928752914884
2,XGB_full_pois,City of Mandaluyong,Tier 2,198,0.7542803466897969,0.37399383700179933,1.22418822410206,1.4521319616437198,1.0298797475422
2,XGB_full_pois,City of Muntinlupa,Tier 2,198,0.5177833025174629,0.2787476751878105,0.9606742223967677,1.168002033601245,0.5891492508903431
2,XGB_full_pois,City of Navotas,Tier 1,198,1.2970271666816127,0.610079173036296,1.2323812540620565,2.015603106049253,1.1948834832241482
2,XGB_full_pois,Dagupan City,Tier 1,198,0.9023808704872971,0.48721625795117535,1.210925537773541,1.4848950927931333,0.8921270830312672
2,XGB_full_pois,Davao City,Tier 1,194,1.6136298241395044,1.0562707466102137,1.3338399632314666,2.012064091390593,1.9939357414266545
2,XGB_full_pois,Iloilo City,Tier 1,194,2.7012649337493086,1.7721662207977058,2.054941002535456,3.0023872540463272,2.3177022257767383
2,XGB_full_pois,Legazpi City,Tier 2,194,0.34941730141278055,0.18049237904014045,1.0053731521591545,1.052531687408822,0.5285204963468483
2,XGB_full_pois,Mandaue City,Tier 2,193,0.37214725798505405,0.15232710808592756,1.0874123171799712,1.2020394914622852,0.5388882646563318
2,XGB_full_pois,Palayan City,Tier 2,198,0.23879850547691195,0.12797619380301448,1.0151870460249484,1.0705552258352353,0.3160337364076839
2,XGB_full_pois,Tacloban City,Tier 2,193,0.278624092176278,0.19932349788633036,0.8325495481491089,0.8347377979156178,0.42554353091111413
2,XGB_full_pois,Zamboanga City,Tier 1,194,7.7500806998836245,1.2598943096614375,3.3884075209498405,14.667590017744155,5.259976705047881
2,XGB_full_sq,Cagayan de Oro City,Tier 2,194,1.8004945114481192,0.7789228850448763,1.214071495346725,1.6096417582482603,2.2610112054004503
2,XGB_full_sq,City of Mandaluyong,Tier 2,198,0.915844810718866,0.413246763897166,1.330364663236671,1.7584034089057206,1.319298935764364
2,XGB_full_sq,City of Muntinlupa,Tier 2,198,0.603025874341736,0.3451100101299358,0.9761293264834777,1.1470006336826317,0.6711787161793262
2,XGB_full_sq,City of Navotas,Tier 1,198,1.5985277170165697,0.7179202349818866,1.4196560473026087,2.024801601470138,1.6505899856916049
2,XGB_full_sq,Dagupan City,Tier 1,198,0.9358653108691616,0.5307871058508001,1.2755093038082124,1.6262287532385222,1.007013075586528
2,XGB_full_sq,Davao City,Tier 1,194,2.2739932354823003,1.225745983805853,1.5690807626310703,2.879668934423642,3.1261094902256104
2,XGB_full_sq,Iloilo City,Tier 1,194,2.844894001066729,1.8115850501146513,2.0952057990864033,3.2521160956042507,2.413310274734186
2,XGB_full_sq,Legazpi City,Tier 2,194,0.5233664677141592,0.22211759642832288,1.0095821982249618,1.0601690399582644,0.819094503948557
2,XGB_full_sq,Mandaue City,Tier 2,193,0.5152494987616459,0.17959548031049902,1.0945201228476233,1.2165103405631401,0.9397720512999715
2,XGB_full_sq,Palayan City,Tier 2,198,2.054600159171635,0.48290661850243316,1.0970200806623325,1.197850746037998,1.1881890292741655
2,XGB_full_sq,Tacloban City,Tier 2,193,0.5860997236712626,0.24439258561976293,0.8553313198188941,0.869405644492282,0.6370778288793272
2,XGB_full_sq,Zamboanga City,Tier 1,194,8.216274960942059,1.4994667544960976,4.139399673099871,15.50365889352378,6.343968134677586
2,CAT_case_only_pois,Cagayan de Oro City,Tier 2,194,0.9288499041134692,0.6601230604492514,0.8860421048207888,1.3050979420286524,1.2357841761009338
2,CAT_case_only_pois,City of Mandaluyong,Tier 2,198,0.7809326857586069,0.6121157357176656,0.9322171762645518,1.1964760751237906,1.119402317600383
2,CAT_case_only_pois,City of Muntinlupa,Tier 2,198,0.6075317400369488,0.5065106904492085,0.8854808191614935,1.1057213685081637,0.98055591413875
2,CAT_case_only_pois,City of Navotas,Tier 1,198,1.1103815134666508,0.780323220285799,1.0497541815183,1.4713908180115574,1.4116881117816915
2,CAT_case_only_pois,Dagupan City,Tier 1,198,0.9292597610766918,0.6201173134644472,1.083320941627386,1.531642995469415,1.1569374113825435
2,CAT_case_only_pois,Davao City,Tier 1,194,1.8281849180336396,1.2055851467959866,1.4138683095939355,2.1831861360295055,2.196464032427218
2,CAT_case_only_pois,Iloilo City,Tier 1,194,3.067798734848959,1.9380867070431598,2.4214992616993944,3.6239132242144043,2.9414259009607533
2,CAT_case_only_pois,Legazpi City,Tier 2,194,0.5062134265999773,0.46616257860089383,0.6417838400737432,0.7315059009157183,0.8845262473496809
2,CAT_case_only_pois,Mandaue City,Tier 2,193,0.5343258697381952,0.46842934672653475,0.7088515390205874,0.8977226126362963,0.9059807017523919
2,CAT_case_only_pois,Palayan City,Tier 2,198,0.42410387175641395,0.40631538489368085,0.6407945338509894,0.7190698058750562,0.7905144050658971
2,CAT_case_only_pois,Tacloban City,Tier 2,193,0.4436644110590046,0.42891994876294864,0.5900516440375433,0.5968390708470969,0.8158686948644398
2,CAT_case_only_pois,Zamboanga City,Tier 1,194,8.309278548443135,1.5764244141464394,4.145882690443366,15.701972927839751,5.656041504402328
2,CAT_case_only_rmse,Cagayan de Oro City,Tier 2,194,0.9138673820745461,0.6624783137506653,0.892050146932959,1.3266123884353862,1.2320032310988456
2,CAT_case_only_rmse,City of Mandaluyong,Tier 2,198,0.7863179841269536,0.6244374970140392,0.9339895248371535,1.1988838850477939,1.1372462558509535
2,CAT_case_only_rmse,City of Muntinlupa,Tier 2,198,0.6156715447933625,0.5234894456124188,0.8605784724724487,1.085094938973951,1.0081620629589645
2,CAT_case_only_rmse,City of Navotas,Tier 1,198,1.094224914116424,0.7801154339713212,1.0576467517590333,1.4860203474791553,1.405955565452867
2,CAT_case_only_rmse,Dagupan City,Tier 1,198,0.9169915844672532,0.6359119326186073,1.1053546950497954,1.5556819695511774,1.1868083360637052
2,CAT_case_only_rmse,Davao City,Tier 1,194,1.8112675550691535,1.1861930309410804,1.4058652339017619,2.1900685380154763,2.1709842266355768
2,CAT_case_only_rmse,Iloilo City,Tier 1,194,2.8844095863901633,1.8995280277725288,2.3835213159143698,3.4160039101116837,2.8373742693148403
2,CAT_case_only_rmse,Legazpi City,Tier 2,194,0.5134178286394241,0.48123004085997934,0.6220054052341497,0.7104401286318844,0.9106155548395166
2,CAT_case_only_rmse,Mandaue City,Tier 2,193,0.5394340752187585,0.4848435374472517,0.6909859913451221,0.8765113297483234,0.9329785153716753
2,CAT_case_only_rmse,Palayan City,Tier 2,198,0.4463645432843362,0.4317299481999427,0.619680262203046,0.7075911332587336,0.8411856072228527
2,CAT_case_only_rmse,Tacloban City,Tier 2,193,0.45810616460548975,0.44862216442484937,0.5651458530785936,0.5705117424534609,0.8529525871775555
2,CAT_case_only_rmse,Zamboanga City,Tier 1,194,8.546778979181653,1.6368478171882022,4.32746060677593,16.154897337310963,5.860211781106691
2,CAT_case_weather_pois,Cagayan de Oro City,Tier 2,194,0.8906725303659079,0.6366879753549977,0.88839808903849,1.3120748995910338,1.2441790669473356
2,CAT_case_weather_pois,City of Mandaluyong,Tier 2,198,0.8315816550536025,0.42784536946877727,1.0999680110648067,1.360572760600099,0.9316658486162661
2,CAT_case_weather_pois,City of Muntinlupa,Tier 2,198,0.5164787765462264,0.30408405816518996,0.9969419308100808,1.2075816717246515,0.6165820754005061
2,CAT_case_weather_pois,City of Navotas,Tier 1,198,1.1771108263441283,0.601823763429734,1.2896118946398258,1.7179422785392326,1.3061968177570193
2,CAT_case_weather_pois,Dagupan City,Tier 1,198,0.7946694397963521,0.4445444133333958,1.1520919708213067,1.4509935952563584,0.8564087767032207
2,CAT_case_weather_pois,Davao City,Tier 1,194,1.675798459923593,1.0611257019934761,1.433313538028441,2.126169046633395,2.279351619548901
2,CAT_case_weather_pois,Iloilo City,Tier 1,194,2.820766737811427,1.7796592694891002,2.344385325973028,3.3295686275688903,3.267503658099748
2,CAT_case_weather_pois,Legazpi City,Tier 2,194,0.3763775436095194,0.29926373304757786,0.8146699077851254,0.8838378353260231,0.5978707446626517
2,CAT_case_weather_pois,Mandaue City,Tier 2,193,0.37667540850651454,0.23289407534843143,0.9440556285965039,1.0906967976200266,0.5291311746131419
2,CAT_case_weather_pois,Palayan City,Tier 2,198,0.3235887839027827,0.2686761770944175,0.7791804154885891,0.8842889720401615,0.5361286556296716
2,CAT_case_weather_pois,Tacloban City,Tier 2,193,0.4193058954667975,0.3627211204633939,0.6034585661921427,0.6361532222887454,0.6982903442187519
2,CAT_case_weather_pois,Zamboanga City,Tier 1,194,7.761671600745959,1.2455719295537702,3.60487302298613,14.694395023712005,5.290957769010758
2,CAT_case_weather_rmse,Cagayan de Oro City,Tier 2,194,1.3502919946405192,0.7848948570972815,0.974482869475091,1.439852013598282,1.8461712553930931
2,CAT_case_weather_rmse,City of Mandaluyong,Tier 2,198,0.7884393177478558,0.40018814085031895,1.0902670501244915,1.3551788293452511,1.1804825242465933
2,CAT_case_weather_rmse,City of Muntinlupa,Tier 2,198,0.5915824075165833,0.3014404638376758,0.8701400553248557,1.071287637810167,0.6314173026460191
2,CAT_case_weather_rmse,City of Navotas,Tier 1,198,1.0581351400508874,0.5317396938649558,1.1241654916225428,1.4901084712065376,1.6357797805768743
2,CAT_case_weather_rmse,Dagupan City,Tier 1,198,0.8370853993857812,0.44841697358556865,1.2120509702396538,1.4993402992717046,1.0343797802100958
2,CAT_case_weather_rmse,Davao City,Tier 1,194,1.75090513608039,1.1010815755369459,1.4731116068433319,2.206990724609603,2.6050522492018904
2,CAT_case_weather_rmse,Iloilo City,Tier 1,194,2.7411096034459494,1.7582994725503722,2.3085823514736514,3.235911135746413,3.4413773251682866
2,CAT_case_weather_rmse,Legazpi City,Tier 2,194,0.7897131892138657,0.3184525932535283,0.8772288097238871,0.9684799952176888,0.929197667024115
2,CAT_case_weather_rmse,Mandaue City,Tier 2,193,0.39400589424490545,0.1924899197169292,0.9823367311380129,1.147433941719199,0.8082738773484545
2,CAT_case_weather_rmse,Palayan City,Tier 2,198,1.4738767231994345,0.4673805759770935,0.8156299572794857,0.9084027144311787,0.9313591041162712
2,CAT_case_weather_rmse,Tacloban City,Tier 2,193,0.507488532084764,0.3768571814417785,0.6058390125264096,0.6457832647783839,0.736146378163557
2,CAT_case_weather_rmse,Zamboanga City,Tier 1,194,7.965329566065434,1.3805986800366923,3.961306204974338,15.017680514566228,5.504934858872876
2,CAT_full_pois,Cagayan de Oro City,Tier 2,194,0.916733126566949,0.6753179503176175,0.8687596417145143,1.3349567391853718,1.2789191579791448
2,CAT_full_pois,City of Mandaluyong,Tier 2,198,0.7610050722065377,0.40091230770253705,1.2061199845009543,1.4275348670798418,0.9687989846731327
2,CAT_full_pois,City of Muntinlupa,Tier 2,198,0.5131917978467502,0.31669542935413886,0.9072978237118458,1.1212071664003747,0.6132484204275771
2,CAT_full_pois,City of Navotas,Tier 1,198,1.0648062417829338,0.5473235891630032,1.2633051929039627,1.62391919636296,1.252267996187102
2,CAT_full_pois,Dagupan City,Tier 1,198,0.7972508839304977,0.45333751955775226,1.1832565928807754,1.490032165418939,0.8692837884804481
2,CAT_full_pois,Davao City,Tier 1,194,1.6181233867387015,1.0454425548605302,1.3368716999938257,2.03499195566054,2.039498346745996
2,CAT_full_pois,Iloilo City,Tier 1,194,3.0140904025291326,1.8551759744580267,2.2618527851730015,3.5061783586323885,2.653893419373032
2,CAT_full_pois,Legazpi City,Tier 2,194,0.35691260361355953,0.24077072517724124,0.9088453467320056,0.968974196282733,0.5438022805994838
2,CAT_full_pois,Mandaue City,Tier 2,193,0.36672509935470576,0.19274564027679666,1.0080505489360336,1.1378597534877615,0.49753131101604725
2,CAT_full_pois,Palayan City,Tier 2,198,0.2663561516539772,0.1847169349719931,0.9341848612192531,1.0029769186364943,0.39606618548540223
2,CAT_full_pois,Tacloban City,Tier 2,193,0.31942382879831216,0.24461238161311055,0.7559778685564654,0.7690365852282425,0.4939000694265085
2,CAT_full_pois,Zamboanga City,Tier 1,194,7.789282396732392,1.2547254435721957,3.558383149306672,14.749888196875407,5.60943800614775
2,CAT_full_rmse,Cagayan de Oro City,Tier 2,194,1.4292911990863073,0.8669376096694795,1.0674981145475153,2.0842445673018952,1.827851171811248
2,CAT_full_rmse,City of Mandaluyong,Tier 2,198,0.7489807171053225,0.363741842481415,1.1566414584196185,1.3816257625195079,1.2951454527283637
2,CAT_full_rmse,City of Muntinlupa,Tier 2,198,0.5733696631375658,0.31728970798296446,0.7976732669681624,0.9973188050919474,0.6104221693166219
2,CAT_full_rmse,City of Navotas,Tier 1,198,0.9644509713042518,0.4713177669023805,1.1644854654362375,1.479602319686946,2.089800268586138
2,CAT_full_rmse,Dagupan City,Tier 1,198,0.8392615865777273,0.45695319608339946,1.1263496317816972,1.403167370414785,1.1019678832130562
2,CAT_full_rmse,Davao City,Tier 1,194,1.6398241128180093,1.081540531303091,1.3787337108715918,2.052386309357366,2.2649307838624813
2,CAT_full_rmse,Iloilo City,Tier 1,194,2.732515465225162,1.8240526530587495,2.1345573690548276,3.136402153770342,2.4338704899382493
2,CAT_full_rmse,Legazpi City,Tier 2,194,0.5008055240994101,0.19148006517376592,1.0282699386469003,1.0866788991549288,1.121758358981743
2,CAT_full_rmse,Mandaue City,Tier 2,193,0.3821507617650711,0.15435273695732657,1.0156915195296525,1.169074256220792,0.8713771469741985
2,CAT_full_rmse,Palayan City,Tier 2,198,0.48499866208852344,0.249787144082716,0.8492608909955348,0.9460685441486641,0.5401534524005035
2,CAT_full_rmse,Tacloban City,Tier 2,193,0.35015610901094985,0.17357262259422443,0.8569116795070507,0.877578509658442,0.5887493995619419
2,CAT_full_rmse,Zamboanga City,Tier 1,194,7.931159686803437,1.3939992101242393,3.76563075182983,15.000779182552193,5.778294428826239
2,RF_full,Cagayan de Oro City,Tier 2,194,0.9322097790956937,0.5806430399974215,1.0519887085137085,1.422046279709701,1.2682060770594752
2,RF_full,City of Mandaluyong,Tier 2,198,0.8206795460122387,0.4006601233596183,1.2154114344503233,1.4399539004824524,1.1968779214736054
2,RF_full,City of Muntinlupa,Tier 2,198,0.5901818718358078,0.26992859086293436,1.006775754438798,1.1959488276797194,0.6507180757069287
2,RF_full,City of Navotas,Tier 1,198,1.281475243305694,0.6637205520816633,1.211417552509219,1.7185244041103462,1.2366218734520669
2,RF_full,Dagupan City,Tier 1,198,0.9653671509743073,0.5167769767176332,1.1660573799216656,1.4664165609995343,0.9684321894957574
2,RF_full,Davao City,Tier 1,194,1.6422069026180794,1.073022638634752,1.3944963020427623,2.0608634444049567,2.1410660004016213
2,RF_full,Iloilo City,Tier 1,194,2.9466258575578164,1.9640394150523015,2.12380720000949,3.1353556818743296,2.5711858190406964
2,RF_full,Legazpi City,Tier 2,194,1.4076470957397171,0.3306081271725602,0.9821214285714284,1.034614220569227,0.8451150028379675
2,RF_full,Mandaue City,Tier 2,193,0.37969995713207266,0.14565670833676014,1.0965499706055264,1.212521535384212,0.753307744762219
2,RF_full,Palayan City,Tier 2,198,2.110775408551939,0.28390099406766073,0.8849169973544974,0.9826426131677503,0.6086557567769453
2,RF_full,Tacloban City,Tier 2,193,0.3364856101633613,0.23049814328829873,0.8387485890652556,0.8464777572737677,0.5192257594709132
2,RF_full,Zamboanga City,Tier 1,194,8.010255418652221,1.452040007338976,3.808089809024995,15.112107389192799,5.586035748359506
3,A_all_zero,Cagayan de Oro City,Tier 2,193,0.8547338464028019,0.35751295336787564,1.38,1.6792855623746665,4.570073081681551
3,A_all_zero,City of Mandaluyong,Tier 2,197,0.8029134765100293,0.3401015228426396,1.488888888888889,1.679947089113887,4.370737205242471
3,A_all_zero,City of Muntinlupa,Tier 2,197,0.5088057082334715,0.15736040609137056,1.3478260869565217,1.4890907643081486,1.9845103027912132
3,A_all_zero,City of Navotas,Tier 1,197,1.0758068628203532,0.4873096446700508,1.6,1.9493588689617927,6.393419848725247
3,A_all_zero,Dagupan City,Tier 1,197,0.9179540260321479,0.3147208121827411,1.7714285714285714,2.177810171446801,4.206097753538821
3,A_all_zero,Davao City,Tier 1,193,2.0193365760204234,1.238341968911917,2.1339285714285716,2.65080850200193,17.01488970141286
3,A_all_zero,Iloilo City,Tier 1,193,3.678814857597034,2.3419689119170983,3.450381679389313,4.465303046570291,34.83543484368153
3,A_all_zero,Legazpi City,Tier 2,193,0.36703545592590336,0.11398963730569948,1.1,1.140175425099138,1.377577252433646
3,A_all_zero,Mandaue City,Tier 2,191,0.38287969212109363,0.10471204188481675,1.1764705882352942,1.2833778958394957,1.2882537885525343
3,A_all_zero,Palayan City,Tier 2,197,0.23629973222959152,0.04568527918781726,1.125,1.1726039399558574,0.5558689530148135
3,A_all_zero,Tacloban City,Tier 2,191,0.28942984211696865,0.08376963350785341,1.0,1.0,0.9917809891488397
3,A_all_zero,Zamboanga City,Tier 1,193,7.896677336283146,1.0829015544041452,3.943396226415094,15.069023581443929,19.172327992846643
3,B_persistence,Cagayan de Oro City,Tier 2,193,1.0749141428541036,0.5544041450777202,1.1,1.47648230602334,3.4901392176675294
3,B_persistence,City of Mandaluyong,Tier 2,197,0.9451989289183661,0.47715736040609136,1.1777777777777778,1.4375905768565218,2.9492783948502916
3,B_persistence,City of Muntinlupa,Tier 2,197,0.6833776965501084,0.27411167512690354,1.173913043478261,1.3987572123604706,1.9483501363454188
3,B_persistence,City of Navotas,Tier 1,197,1.2863989797202813,0.6598984771573604,1.2333333333333334,1.7701224063135672,4.146934612298105
3,B_persistence,Dagupan City,Tier 1,197,0.9611752535413636,0.39593908629441626,1.3142857142857143,1.7728105208558367,1.988851725853671
3,B_persistence,Davao City,Tier 1,193,2.143794514938359,1.4455958549222798,1.8571428571428572,2.553009428665931,7.588814836160716
3,B_persistence,Iloilo City,Tier 1,193,3.1334729693649717,1.9844559585492227,2.3893129770992365,3.312018364812454,6.401229280474008
3,B_persistence,Legazpi City,Tier 2,193,0.5140512665709641,0.22279792746113988,1.0,1.0954451150103321,1.4932403554599227
3,B_persistence,Mandaue City,Tier 2,191,0.5604784792072308,0.2198952879581152,1.1176470588235294,1.2602520756252087,1.4670207489820402
3,B_persistence,Palayan City,Tier 2,197,0.2665820508731144,0.07106598984771574,1.0,1.0,0.42973278024825146
3,B_persistence,Tacloban City,Tier 2,191,0.38287969212109363,0.14659685863874344,0.9375,0.9682458365518543,1.0658987349186602
3,B_persistence,Zamboanga City,Tier 1,193,11.003532169592358,1.8963730569948187,4.037735849056604,14.941394948895097,9.477297011531116
3,C_poisson_regression,Cagayan de Oro City,Tier 2,193,0.8617234560719957,0.6646242370497264,0.7499134416309704,1.2710508001283312,1.3211899429139313
3,C_poisson_regression,City of Mandaluyong,Tier 2,197,0.6934588133406253,0.4965708320416469,0.9049688332921548,1.1821117269601011,0.9030193309841678
3,C_poisson_regression,City of Muntinlupa,Tier 2,197,1.1118454744079675,0.9171129662847101,0.6515401155627507,0.8442130194244301,1.742739536933941
3,C_poisson_regression,City of Navotas,Tier 1,197,0.960071798168202,0.5599995400037663,1.2660447971850533,1.6647373294060699,1.3448182510497648
3,C_poisson_regression,Dagupan City,Tier 1,197,0.7910446873259785,0.5180310645664058,1.1993686427027157,1.5890318254666183,0.9619048636697879
3,C_poisson_regression,Davao City,Tier 1,193,1.5812150881548603,1.1482116184435673,1.1311934173027436,1.7744296353215954,1.7754992512353938
3,C_poisson_regression,Iloilo City,Tier 1,193,2.6743536003012527,1.8471128834392425,1.9122325627342907,2.97739064624852,2.648886040908706
3,C_poisson_regression,Legazpi City,Tier 2,193,0.7929680757126,0.6772960399452937,0.5031495885228883,0.5975566293682398,1.2931080254361325
3,C_poisson_regression,Mandaue City,Tier 2,191,0.7761634471526285,0.7241208362346405,0.3400995483691259,0.6395793467150226,1.4171983526425678
3,C_poisson_regression,Palayan City,Tier 2,197,0.6302423599641163,0.5445210885380003,0.6324510192005028,0.7144945486953306,1.0687618160697403
3,C_poisson_regression,Tacloban City,Tier 2,191,0.667523431924289,0.591147321248364,0.38712286240666427,0.4136796832002785,1.1393221718725937
3,C_poisson_regression,Zamboanga City,Tier 1,193,7.812504449287407,1.3644118855368064,3.2184854711757063,14.865514126733428,5.982119055377083
3,XGB_case_only_pois,Cagayan de Oro City,Tier 2,193,0.9499984979482797,0.6839945368816198,0.8208416801691055,1.2602994205389804,1.3013778284222572
3,XGB_case_only_pois,City of Mandaluyong,Tier 2,197,0.8381071640910246,0.6611585648834403,0.939172942770852,1.1898003077608967,1.1988597429341539
3,XGB_case_only_pois,City of Muntinlupa,Tier 2,197,0.651415081130812,0.5417091008370298,0.8602225158525549,1.0785830992612704,1.0464935558727373
3,XGB_case_only_pois,City of Navotas,Tier 1,197,1.0575908249750003,0.7603544969546613,0.9857299610972404,1.4815218844343532,1.4209175301679868
3,XGB_case_only_pois,Dagupan City,Tier 1,197,0.8324928789003532,0.6118330406355978,1.0948647235121045,1.5207255498803844,1.0835916661466294
3,XGB_case_only_pois,Davao City,Tier 1,193,1.8150114608913024,1.2568241411849006,1.4404026440211706,2.1494433420594756,2.1698851923227567
3,XGB_case_only_pois,Iloilo City,Tier 1,193,4.463276625992269,2.339529355881745,2.9439878816368017,5.328422697050215,3.4859921778100516
3,XGB_case_only_pois,Legazpi City,Tier 2,193,0.5310598274298202,0.4932781894898785,0.6470623195171357,0.7270470154482773,0.9341786131657174
3,XGB_case_only_pois,Mandaue City,Tier 2,191,0.5620396622141544,0.5001608933765851,0.7609277770799749,0.9317818226639989,0.9597687572713076
3,XGB_case_only_pois,Palayan City,Tier 2,197,0.44652704417654254,0.43231469120471006,0.6153358295559883,0.6884438334278106,0.8414335231842947
3,XGB_case_only_pois,Tacloban City,Tier 2,191,0.47282942813795364,0.4565715703976716,0.5763034652918577,0.5810745847123069,0.86575950613833
3,XGB_case_only_pois,Zamboanga City,Tier 1,193,8.422371625807369,1.5865886452284501,3.430510848760605,14.8570614642845,6.221953558673794
3,XGB_case_only_sq,Cagayan de Oro City,Tier 2,193,0.9568192625938066,0.6887263340653533,0.803520376086235,1.250463219182743,1.3100548034215778
3,XGB_case_only_sq,City of Mandaluyong,Tier 2,197,0.8324208884277635,0.6614647838972547,0.9317602998680539,1.1829864742218292,1.195138054274963
3,XGB_case_only_sq,City of Muntinlupa,Tier 2,197,0.653777133680223,0.5463664332017075,0.8519828760105631,1.075300214636185,1.0559979331887703
3,XGB_case_only_sq,City of Navotas,Tier 1,197,1.0586006016614262,0.7644762649451415,0.9875833864013354,1.49243146345856,1.4176322954787834
3,XGB_case_only_sq,Dagupan City,Tier 1,197,0.819183795934965,0.6107112170778556,1.0645561635494232,1.4802275287640216,1.0865505411718535
3,XGB_case_only_sq,Davao City,Tier 1,193,1.8462559329830444,1.2611652049067106,1.4266366484974111,2.1638110751230197,2.1647381236503076
3,XGB_case_only_sq,Iloilo City,Tier 1,193,4.442178445168739,2.3011622367513613,2.917453578694631,5.321617815646111,3.7333025191681943
3,XGB_case_only_sq,Legazpi City,Tier 2,193,0.538180528100955,0.5001062038957764,0.6366193413734436,0.7211125782297007,0.9483460748120666
3,XGB_case_only_sq,Mandaue City,Tier 2,191,0.5656342659566629,0.5047353139410469,0.7455791217439315,0.9208071197307585,0.969661986422517
3,XGB_case_only_sq,Palayan City,Tier 2,197,0.4504119478762982,0.43626300756096237,0.6093027889728546,0.6781958989732126,0.8489418508967951
3,XGB_case_only_sq,Tacloban City,Tier 2,191,0.4797283427948698,0.4626708700082689,0.5716484133154154,0.5776075447503277,0.8780241157029178
3,XGB_case_only_sq,Zamboanga City,Tier 1,193,8.77680322272381,1.7306866926850433,3.622015136030485,14.942067325578298,6.463068266741755
3,XGB_case_weather_pois,Cagayan de Oro City,Tier 2,193,0.8234780287288456,0.556204519104309,0.9940991795063019,1.3876547992816977,1.1811608484984737
3,XGB_case_weather_pois,City of Mandaluyong,Tier 2,197,0.7303517055735723,0.4292336255311966,1.1087848773433102,1.3521326365380166,0.8863269689412078
3,XGB_case_weather_pois,City of Muntinlupa,Tier 2,197,0.590686354036806,0.34852253919854986,1.0231920872693476,1.2267819102581996,0.7522265826711173
3,XGB_case_weather_pois,City of Navotas,Tier 1,197,1.221662881252886,0.6575933887722528,1.153241439225773,1.5520747846036278,1.3786692629354076
3,XGB_case_weather_pois,Dagupan City,Tier 1,197,0.9463332223695321,0.5197197976262133,1.0767280338065965,1.3944173887763973,0.948377924629138
3,XGB_case_weather_pois,Davao City,Tier 1,193,1.704261832157145,1.0893983166143684,1.5422349336690135,2.187421176360538,2.4613228929177597
3,XGB_case_weather_pois,Iloilo City,Tier 1,193,2.9456671641773338,1.974554247845331,2.4270283886949526,3.352241998012471,2.9125717296173517
3,XGB_case_weather_pois,Legazpi City,Tier 2,193,0.3571787398504128,0.24423085272775413,0.89282166659832,0.9561737850565466,0.5469915374541586
3,XGB_case_weather_pois,Mandaue City,Tier 2,191,0.3760719958396617,0.23479973386329506,0.9556879182072247,1.0995288305437363,0.521123543742863
3,XGB_case_weather_pois,Palayan City,Tier 2,197,0.32596962875616814,0.23468245117721823,0.8459756355732679,0.9110360587493186,0.46890391077180854
3,XGB_case_weather_pois,Tacloban City,Tier 2,191,0.3782483540873111,0.32924807711421505,0.7070323703810573,0.7131560553690088,0.6342281941713704
3,XGB_case_weather_pois,Zamboanga City,Tier 1,193,7.8436796990419655,1.2547714934525094,3.526833098873777,14.919174220530818,6.2002080611924555
3,XGB_case_weather_sq,Cagayan de Oro City,Tier 2,193,1.1680082104345366,0.6723445946775338,1.1629957392811776,1.6633718068891454,1.7545192383632462
3,XGB_case_weather_sq,City of Mandaluyong,Tier 2,197,0.7571369671661955,0.4313715382521679,1.1028038486424419,1.3639715910571586,1.0833446969043383
3,XGB_case_weather_sq,City of Muntinlupa,Tier 2,197,0.6399972554785766,0.34176110057396636,1.0517237557341224,1.2654597492688096,0.8157364428796723
3,XGB_case_weather_sq,City of Navotas,Tier 1,197,1.4318862820039437,0.6665238271973233,1.2264900810395678,1.6224012380247055,1.582301945350468
3,XGB_case_weather_sq,Dagupan City,Tier 1,197,0.8741692363238827,0.5329035693864683,1.0121614987296716,1.2603974372134459,1.016910599297144
3,XGB_case_weather_sq,Davao City,Tier 1,193,1.7301283381039065,1.1087325456904469,1.5463959701259486,2.191106888920333,2.8510888015193436
3,XGB_case_weather_sq,Iloilo City,Tier 1,193,4.133179781831513,2.143586258987843,2.6984411027026542,4.88975613193961,3.569840390793522
3,XGB_case_weather_sq,Legazpi City,Tier 2,193,0.6097759753305391,0.2978895213889257,0.8232179937884212,0.9725612606878402,0.9650198915640559
3,XGB_case_weather_sq,Mandaue City,Tier 2,191,0.40920471672936953,0.2393203538535309,0.7884779769708129,0.8930836134209542,0.5559376558691981
3,XGB_case_weather_sq,Palayan City,Tier 2,197,1.756791890704662,0.4377696120303105,0.8970479734707624,1.0233403974897146,1.0353872126150363
3,XGB_case_weather_sq,Tacloban City,Tier 2,191,0.6076920012205672,0.3393116701998948,0.774132291902788,0.7840137054821285,0.7445224660000797
3,XGB_case_weather_sq,Zamboanga City,Tier 1,193,8.151070400627006,1.4005990030106465,3.7890906628783583,15.003835312845638,6.93939867068449
3,XGB_full_pois,Cagayan de Oro City,Tier 2,193,0.8051454532789066,0.5259199918011309,0.9910759335756302,1.397206012707572,1.1494029104783372
3,XGB_full_pois,City of Mandaluyong,Tier 2,197,0.7339871421416972,0.37831992169057355,1.2314321339958243,1.4786584162046377,1.061921109275955
3,XGB_full_pois,City of Muntinlupa,Tier 2,197,0.5970959127980664,0.3405773314046981,1.038233123395754,1.2330422191680446,0.7387792044861643
3,XGB_full_pois,City of Navotas,Tier 1,197,1.375408104835726,0.6552744252881423,1.0967573165893554,1.5471235895886488,1.3770325118462234
3,XGB_full_pois,Dagupan City,Tier 1,197,0.9056847669107478,0.5250628945715536,1.037679613488061,1.2986931116242397,0.9582852779736712
3,XGB_full_pois,Davao City,Tier 1,193,1.6451093925326816,1.074981692155408,1.366996995439487,2.0591099553888172,2.0586678850402205
3,XGB_full_pois,Iloilo City,Tier 1,193,3.039326238104473,2.0832791827194432,2.326351818692593,3.314550105418956,2.5935054709220466
3,XGB_full_pois,Legazpi City,Tier 2,193,0.34942942309310826,0.18188145563701275,1.005428760126233,1.05054151047838,0.5285222848689349
3,XGB_full_pois,Mandaue City,Tier 2,191,0.36755593616698407,0.15086639575972294,1.097808146082303,1.2141072516719478,0.5103716812259632
3,XGB_full_pois,Palayan City,Tier 2,197,0.241361901716162,0.12747955962372612,1.0264499131590128,1.0787643796807553,0.3200034719071164
3,XGB_full_pois,Tacloban City,Tier 2,191,0.2912256963190527,0.2192013565626444,0.8273767218925059,0.8281992615045133,0.45933807193712206
3,XGB_full_pois,Zamboanga City,Tier 1,193,7.833062802253568,1.2636296654921122,3.3892216449076273,14.921110616005585,6.345503399909048
3,XGB_full_sq,Cagayan de Oro City,Tier 2,193,1.5943929657541676,0.769779788880305,1.2902644462883472,1.9837376312063468,2.086904347193254
3,XGB_full_sq,City of Mandaluyong,Tier 2,197,0.7285716419278682,0.38344637120170944,1.1659632223761744,1.4162827075611015,1.0044165353422543
3,XGB_full_sq,City of Muntinlupa,Tier 2,197,0.6411294176037171,0.36508533866782933,0.9904507465822541,1.2025733756047028,0.7963022761833456
3,XGB_full_sq,City of Navotas,Tier 1,197,1.6935883896148458,0.6963397939760371,1.2252275989701351,1.6424534771190904,1.5291597921269005
3,XGB_full_sq,Dagupan City,Tier 1,197,0.8779777811664893,0.5468702066103517,1.0589314149958746,1.3680352149598427,0.9981741135839594
3,XGB_full_sq,Davao City,Tier 1,193,1.7120545795639048,1.1268438052559764,1.473461274523288,2.143890909941701,2.3230459287826677
3,XGB_full_sq,Iloilo City,Tier 1,193,3.985850948127755,2.1566953526259702,2.405860697722617,4.62781424574304,2.818105303365915
3,XGB_full_sq,Legazpi City,Tier 2,193,0.7486800004493077,0.24543792708931308,1.0498472793027758,1.1001145476113894,1.2532946231174074
3,XGB_full_sq,Mandaue City,Tier 2,191,0.34740140894066457,0.1278570565377991,1.0313432652722387,1.0773891982121713,0.8151580009103131
3,XGB_full_sq,Palayan City,Tier 2,197,1.31146398857478,0.3493202437107749,0.8636006828164682,1.028507389264141,0.9479623919502395
3,XGB_full_sq,Tacloban City,Tier 2,191,0.4503037692099619,0.2197597565416476,0.8550819994416088,0.8603697336884141,0.5429085705645617
3,XGB_full_sq,Zamboanga City,Tier 1,193,8.082287750426357,1.3634917972310219,3.680579787998829,14.991985918584055,6.828388337977943
3,CAT_case_only_pois,Cagayan de Oro City,Tier 2,193,0.8924582939822027,0.661939755128222,0.8216650310547137,1.2626190491291702,1.2565868921923269
3,CAT_case_only_pois,City of Mandaluyong,Tier 2,197,0.8175469007586935,0.6447258190386675,0.9218912445246565,1.1893334390404458,1.1776443689178824
3,CAT_case_only_pois,City of Muntinlupa,Tier 2,197,0.6321213219784364,0.5390599161342154,0.8575438006635245,1.0754550651089536,1.0395916989330398
3,CAT_case_only_pois,City of Navotas,Tier 1,197,1.043246747005662,0.7491571410797362,0.9763481628675645,1.4579564824407198,1.3889089560508359
3,CAT_case_only_pois,Dagupan City,Tier 1,197,0.8293362172871247,0.6177487875457595,1.0822765388843965,1.4875231380446863,1.099287042196341
3,CAT_case_only_pois,Davao City,Tier 1,193,1.8462786472033004,1.2528714093241833,1.4690691146812986,2.221926522542173,2.202479328362532
3,CAT_case_only_pois,Iloilo City,Tier 1,193,4.558105486919166,2.3642672088585868,2.96348984467271,5.410606790261001,3.612863773468869
3,CAT_case_only_pois,Legazpi City,Tier 2,193,0.525985031898969,0.493208764666259,0.6419255299285378,0.7221257652925641,0.9333455075534052
3,CAT_case_only_pois,Mandaue City,Tier 2,191,0.5478457493174239,0.4951343427793897,0.7149136262292624,0.8951987282403463,0.9532243825019826
3,CAT_case_only_pois,Palayan City,Tier 2,197,0.44842449314009536,0.4371175542098583,0.6354159391265526,0.6928104066958533,0.8493982890690126
3,CAT_case_only_pois,Tacloban City,Tier 2,191,0.4675625124795987,0.4570264547792317,0.5720327286600642,0.5763052047988234,0.866209944961107
3,CAT_case_only_pois,Zamboanga City,Tier 1,193,8.474282988624992,1.5763194079093579,3.385392076423282,14.828562447801778,6.048737223592901
3,CAT_case_only_rmse,Cagayan de Oro City,Tier 2,193,0.8998889720552755,0.671765382383813,0.7974160154972667,1.2472335561042867,1.266580728899914
3,CAT_case_only_rmse,City of Mandaluyong,Tier 2,197,0.7981847448796463,0.6456016225210943,0.8892067378495517,1.1675901904710995,1.1759205290019716
3,CAT_case_only_rmse,City of Muntinlupa,Tier 2,197,0.6351253307829121,0.5555031064793337,0.8366513199629497,1.058684783405381,1.065620955107536
3,CAT_case_only_rmse,City of Navotas,Tier 1,197,1.044540206061039,0.7540562919753193,0.9649649306705662,1.4592277513995682,1.3911219730401287
3,CAT_case_only_rmse,Dagupan City,Tier 1,197,0.8449307056863633,0.6383210139292839,1.0829537046853102,1.504674404605522,1.1470502766061672
3,CAT_case_only_rmse,Davao City,Tier 1,193,1.8625729121725831,1.228476282915229,1.4470906553895524,2.2619206607775073,2.1715848955672166
3,CAT_case_only_rmse,Iloilo City,Tier 1,193,4.038256712944671,2.245540751312044,2.818192142919074,4.79413246673215,3.4632441877579154
3,CAT_case_only_rmse,Legazpi City,Tier 2,193,0.5391725219882083,0.5128369744726262,0.6132616790238015,0.6960975307382127,0.9697811652374992
3,CAT_case_only_rmse,Mandaue City,Tier 2,191,0.5597168508807925,0.5152089236193726,0.6845490208074443,0.8711446231343519,0.9904168977918896
3,CAT_case_only_rmse,Palayan City,Tier 2,197,0.47272702940398525,0.4635262756291537,0.5961415993296031,0.6632285440240526,0.9022172602749895
3,CAT_case_only_rmse,Tacloban City,Tier 2,191,0.489132841434132,0.4807933920588638,0.5417053580839097,0.5461260078822288,0.9122241635208503
3,CAT_case_only_rmse,Zamboanga City,Tier 1,193,8.20008746274567,1.56392006444492,3.519442520643967,14.892326945643823,6.09470430834886
3,CAT_case_weather_pois,Cagayan de Oro City,Tier 2,193,0.8835608462505956,0.625974782176236,0.8664706677763541,1.3130711987153114,1.2669775331943791
3,CAT_case_weather_pois,City of Mandaluyong,Tier 2,197,0.7519428517216264,0.44021416214899156,1.0818153373783164,1.309229725226864,0.8805468294981605
3,CAT_case_weather_pois,City of Muntinlupa,Tier 2,197,0.6413511365206128,0.3858979030326136,0.9351642180414048,1.1682663586870219,0.8108206179608772
3,CAT_case_weather_pois,City of Navotas,Tier 1,197,1.35922546979736,0.6561801578780209,1.2330792845206946,1.6853414471309949,1.4480328353341207
3,CAT_case_weather_pois,Dagupan City,Tier 1,197,0.8071772162578632,0.4840436465247942,1.1788324145099918,1.4813828545925563,0.8833834024643928
3,CAT_case_weather_pois,Davao City,Tier 1,193,1.6863951710573397,1.0937598398545771,1.5090294199532082,2.1537802244387376,2.2380554899930853
3,CAT_case_weather_pois,Iloilo City,Tier 1,193,3.269730045148488,1.921515872453204,2.4877594183986513,3.866920077792129,3.565865111490426
3,CAT_case_weather_pois,Legazpi City,Tier 2,193,0.3818412058395133,0.3104171909856567,0.8299551200212582,0.8860971592401803,0.6125617845939557
3,CAT_case_weather_pois,Mandaue City,Tier 2,191,0.3882563147106771,0.25415993363063105,0.9201025876993973,1.0762417483806797,0.5495665894606464
3,CAT_case_weather_pois,Palayan City,Tier 2,197,0.3457352095352868,0.2881446053543759,0.814819533220604,0.8602838621797456,0.5651434754039986
3,CAT_case_weather_pois,Tacloban City,Tier 2,191,0.4353817677979188,0.39743500191748304,0.6199712790112368,0.6309145921882331,0.7567966305246739
3,CAT_case_weather_pois,Zamboanga City,Tier 1,193,7.8363795038124175,1.2457855592381906,3.468475552275071,14.897446613177419,6.020171561422576
3,CAT_case_weather_rmse,Cagayan de Oro City,Tier 2,193,1.5790187969718465,0.8397427824419348,1.0113087575341506,1.6165774441182699,1.731614199435141
3,CAT_case_weather_rmse,City of Mandaluyong,Tier 2,197,0.750587035210838,0.4332224305131297,1.049895960615471,1.29355896162154,0.8798406526686171
3,CAT_case_weather_rmse,City of Muntinlupa,Tier 2,197,0.6509954593324322,0.38667889024131774,0.9327184192265989,1.1764023639869208,0.8394645022529984
3,CAT_case_weather_rmse,City of Navotas,Tier 1,197,1.1216593889694604,0.6231284310146334,1.1807226878577457,1.5837947917930273,1.4339137439307754
3,CAT_case_weather_rmse,Dagupan City,Tier 1,197,0.794889513690342,0.4853612660834871,1.1286874415236545,1.3968811562692338,0.9262176810635439
3,CAT_case_weather_rmse,Davao City,Tier 1,193,1.7045598526926418,1.1150543059454812,1.509351390458056,2.1534123628457773,2.5547600535472315
3,CAT_case_weather_rmse,Iloilo City,Tier 1,193,3.3629014378900934,2.0065066532445623,2.598223506068006,3.9709287385109553,3.656465757744595
3,CAT_case_weather_rmse,Legazpi City,Tier 2,193,0.40745809771553804,0.25314970976789253,0.9342263551683263,0.983668078573646,0.8460847496528977
3,CAT_case_weather_rmse,Mandaue City,Tier 2,191,0.40071189949360936,0.26168641847940644,0.884081904216666,1.0617125401357983,0.5666854045573223
3,CAT_case_weather_rmse,Palayan City,Tier 2,197,1.4155227099962895,0.4693984018677806,0.7675357667712889,0.8358636700867915,0.9444280081177354
3,CAT_case_weather_rmse,Tacloban City,Tier 2,191,0.5375900335348625,0.4613387605928287,0.52445686722655,0.5668492843216152,0.8854008237330653
3,CAT_case_weather_rmse,Zamboanga City,Tier 1,193,7.894775588226071,1.2998973310312356,3.6134290383558194,14.9270399853844,6.181084066062893
3,CAT_full_pois,Cagayan de Oro City,Tier 2,193,0.8997243992311927,0.685573798913808,0.7688372356289244,1.2394479654165793,1.3141035610693272
3,CAT_full_pois,City of Mandaluyong,Tier 2,197,0.7088573241429043,0.3918548843500911,1.1235024157174032,1.3697432355356862,0.8944593673837473
3,CAT_full_pois,City of Muntinlupa,Tier 2,197,0.5834209734437423,0.3524617382792613,0.9625938834098572,1.1892100064838091,0.7464891548575632
3,CAT_full_pois,City of Navotas,Tier 1,197,1.2778403454207834,0.6292352849674617,1.1547292924152024,1.5862374231881067,1.4124133818999947
3,CAT_full_pois,Dagupan City,Tier 1,197,0.8507755099258781,0.5075131955584711,1.2249748991042029,1.5548816936126455,0.9626954382245669
3,CAT_full_pois,Davao City,Tier 1,193,1.6724349029112195,1.0808498598577916,1.4444902671140003,2.129400568017058,2.2006378736946304
3,CAT_full_pois,Iloilo City,Tier 1,193,4.2989499526165575,2.214512612055563,2.631427687830905,5.03574938754524,3.267565073197013
3,CAT_full_pois,Legazpi City,Tier 2,193,0.3511863892674644,0.22471912942210207,0.9540427633714768,1.001312991546967,0.5282563636874892
3,CAT_full_pois,Mandaue City,Tier 2,191,0.36504017325846544,0.18661291443817443,1.0340870193068348,1.1628203548200644,0.4952683459457493
3,CAT_full_pois,Palayan City,Tier 2,197,0.26488924200864905,0.1838893379108527,0.956316246921763,0.9914462421682353,0.3928823212350025
3,CAT_full_pois,Tacloban City,Tier 2,191,0.3032344237774022,0.23748733252129695,0.8092112871733466,0.8109322318243322,0.48868866787034554
3,CAT_full_pois,Zamboanga City,Tier 1,193,7.843943749681988,1.2521530007446224,3.462216877186308,14.94816764887115,6.647388774500862
3,CAT_full_rmse,Cagayan de Oro City,Tier 2,193,1.6645705943285196,0.944488544378499,0.8732507795976194,1.493837168168573,1.8123695085861529
3,CAT_full_rmse,City of Mandaluyong,Tier 2,197,0.7474500500158987,0.37125329137758645,1.1948928351732466,1.4301912852506153,1.4904659953179207
3,CAT_full_rmse,City of Muntinlupa,Tier 2,197,0.677488752183309,0.42374375163665806,0.8586103257014296,1.1305494119398285,0.8771675123430185
3,CAT_full_rmse,City of Navotas,Tier 1,197,1.1349780199430983,0.5970757104156644,1.1764179751251682,1.5892926459122811,1.4307130486922572
3,CAT_full_rmse,Dagupan City,Tier 1,197,0.8814385577844676,0.5149384575100729,1.222136066090942,1.5364011103286388,1.060745921194961
3,CAT_full_rmse,Davao City,Tier 1,193,1.6660136005019435,1.097220440608889,1.3868740509205024,2.084618757724523,2.08778531631412
3,CAT_full_rmse,Iloilo City,Tier 1,193,3.6154498379445568,2.121137736728292,2.4542103324620284,4.197099716961275,3.017133982706633
3,CAT_full_rmse,Legazpi City,Tier 2,193,0.39137278368050393,0.1491307723229723,1.0873605198654133,1.1294903670808694,1.3014712266933826
3,CAT_full_rmse,Mandaue City,Tier 2,191,0.3728162106525426,0.1539850363854747,1.0257938195406915,1.184772792796887,0.5951979776013789
3,CAT_full_rmse,Palayan City,Tier 2,197,1.524424169880172,0.47285313326316897,1.0215031033212594,1.0666671308331983,1.0123402062046134
3,CAT_full_rmse,Tacloban City,Tier 2,191,0.3084803169993949,0.20981994284756952,0.8544751583801833,0.8562978754896657,0.47289387105508024
3,CAT_full_rmse,Zamboanga City,Tier 1,193,7.889004925627683,1.2954222033095448,3.587932245670714,14.979220711541142,7.086564416134868
3,RF_full,Cagayan de Oro City,Tier 2,193,1.2573335167867135,0.6279541055758672,1.248333556998557,1.9498651077816855,1.3582229274918463
3,RF_full,City of Mandaluyong,Tier 2,197,0.7972949167879668,0.4116598588007217,1.2183591069424402,1.470143766186501,1.2312473471182943
3,RF_full,City of Muntinlupa,Tier 2,197,0.6081650162811236,0.3436328122901727,1.0615035656774785,1.2597939470910953,0.8211648408724597
3,RF_full,City of Navotas,Tier 1,197,1.3692962517047815,0.6985342908172857,1.1431048941798942,1.5690261475537393,1.4303093288623583
3,RF_full,Dagupan City,Tier 1,197,0.8982402304768217,0.5548762791072435,0.9709209372637944,1.246708213842739,1.0424524177144894
3,RF_full,Davao City,Tier 1,193,1.7600081238438428,1.1504945351616338,1.5324924457156597,2.22194917172632,2.285409015439874
3,RF_full,Iloilo City,Tier 1,193,3.4526238128087257,2.269540193446929,2.454997344400016,3.783685452334727,2.8878314351439758
3,RF_full,Legazpi City,Tier 2,193,0.3883121425581813,0.22705996824131539,0.9717479497354498,1.042437974450837,0.6920306242212172
3,RF_full,Mandaue City,Tier 2,191,0.3744716816147444,0.13755834649159254,1.1172172424525366,1.2389641917733938,0.7057532644432317
3,RF_full,Palayan City,Tier 2,197,0.2840285972663633,0.12604533612655439,0.9542926587301588,1.0140344360496287,0.3122687189592093
3,RF_full,Tacloban City,Tier 2,191,0.37417675466089195,0.24104749627917166,0.8376746031746032,0.8457153500349024,0.549988734237229
3,RF_full,Zamboanga City,Tier 1,193,8.002736208682522,1.436501548921238,3.697914145951881,14.99590116887451,6.542708167980424
